﻿Designator,Quantity,Value,Footprint,Package,MPN,DNP,Mount_Type,Description,Mfr.#,SCH_Show_Footprint
A1,1,LattePanda_Mu,LattePanda_Module_H8.0mm_Horizontal,,,,smt,"A micro computing module with x86 processer, RAM and eMMC.",ADDR0069-P009A,
BT1,1,Battery_Cell,Battery_Holder_CR1220_S8411-45R,,,,tht,,S8411-45R,
"C101, C103, C111, C113, C121, C123, C131, C133, C141, C143, C151, C153, C208, C308",14,10uF/10V,C_0402_1005Metric,,,,smt,,CL05A106MP5NUNC,C0402
"C102, C104, C112, C114, C122, C124, C132, C134, C142, C144, C152, C154, C17, C18, C19, C20, C203, C204, C207, C209, C21, C22, C23, C24, C25, C28, C29, C303, C304, C307, C309, C403, C407, C413, C417, C423, C427, C433, C437, C443, C447, C453, C457, C463, C467, C483, C487, C70, C71, C78, C79, C84, C85",53,100nF/50V,C_0402_1005Metric,,,,smt,,GRM155R71H104KE14D,C0402
"C105, C106, C115, C116, C125, C126, C135, C136, C145, C146, C155, C156, C201, C202, C301, C302",16,220nF/50V,C_0402_1005Metric,,,,smt,,GRM155R61H224KE01D,C0402
"C205, C206, C305, C306",4,100uF/25V,CP_Elec_6.3x7.7,,,,smt,,PM101M025E077PTR,C5x5.8
"C210, C310",2,470uF/10V,CP_Elec_6.3x7.7,,,,smt,,VZT471M1ATR-0607,C5x5.8
"C30, C32, C401, C402, C405, C406, C408, C409, C411, C412, C415, C416, C418, C419, C421, C422, C425, C426, C428, C429, C431, C432, C435, C436, C438, C439, C441, C442, C445, C446, C448, C449, C451, C452, C455, C456, C458, C459, C461, C462, C465, C466, C468, C469, C481, C482, C485, C486, C488, C489, C64, C65, C67, C68, C74, C75, C76, C77, C80, C81, C82, C83, C88",63,22uF/10V,C_0603_1608Metric,,,,smt,,CL10A226MP8NUNE,C603
C404,1,12pF/50V,C_0402_1005Metric,,,Yes,smt,,,C0402
C414,1,12pF/50V,C_0402_1005Metric,,,Yes,smt,,,C0402
C424,1,12pF/50V,C_0402_1005Metric,,,Yes,smt,,,C0402
C434,1,12pF/50V,C_0402_1005Metric,,,Yes,smt,,,C0402
C444,1,12pF/50V,C_0402_1005Metric,,,Yes,smt,,,C0402
C454,1,12pF/50V,C_0402_1005Metric,,,Yes,smt,,,C0402
C464,1,12pF/50V,C_0402_1005Metric,,,Yes,smt,,,C0402
C484,1,12pF/50V,C_0402_1005Metric,,,Yes,smt,,,C0402
"C62, C63, C66, C69",4,1uF/16V,C_0402_1005Metric,,,,smt,,CL05A105KO5NNNC,C0402
C72,1,12pF/50V,C_0402_1005Metric,,,Yes,smt,,,C0402
C73,1,12pF/50V,C_0402_1005Metric,,,Yes,smt,,,C0402
C86,1,22uF/6.3V,C_0402_1005Metric,,,,smt,Unpolarized capacitor,CL05A226MQ5QUNC,
C87,1,0.1uF/16V,C_0402_1005Metric,,,,smt,Unpolarized capacitor,0402B104K160CT,
"D1, D2, D21, D25, D3, D5, D6, D79, D80",9,ESD5V0B03,D_0402_1005Metric,,,,smt,,ESD5V0B03-1006,D0402
"D101, D111, D121, D131, D141, D151, D22, D23",8,LED_G,LED_0603_1608Metric,,,,smt,,SZYY0603YG,LED0603
"D15, D16, D17",3,SS54,D_SMA,,,,smt,,SS54,SMA
D24,1,3V3 Izt=5mA,D_SOD-323,,,,smt,Schottky diode,MMS3Z3B3GW,
"D26, D27, D4",3,1N5819WS,D_SOD-323,,,,smt,,1N5819WS,SOD-323
D78,1,D_Schottky,D_SOD-923,,,,smt,Schottky diode,RB521C30-2/TR,
F1,1,6V/50mA,R_0603_1608Metric,,,,smt,,0603L050/6AR,R0805
"F2, F3, F78",3,6V/1A,Fuse_0805_2012Metric,,,,smt,,BSMD0805-100-6V,R0603
F5,1,6V/2A,Fuse_0805_2012Metric,,,,smt,,BSMD0805L-200,R0805
"H1, H2, H3, H4",4,MountingHole_Pad,MountingHole_3.2mm_M3_Pad_Via,,,,tht,,,
"H1032, H1042, H1060, H1080, H1130, H1142, H1160, H1180, H1230, H1242, H1260, H1280, H1330, H1342, H1360, H1380, H1430, H1442, H1460, H1480, H1530, H1542, H1560, H1580",24,MountingHole_M2.5,MountingHole_2.7mm_M2.5_DIN965_Pad_TopBottom,,,,tht,,,
"H5, H6",2,MountingHole_Pad,MountingHole_3mm_M2_Pad_TopOnly,,,,smt,,,
"H71, H72, H73, H74",4,MountingHole_Pad,MountingHole_4mm_Pad_Via,,,,tht,,,
J1,1,Conn_01x03_Pin,PinHeader_1x03_P2.54mm_Vertical,,,,tht,,2.54-1*3,
"J100, J110, J120, J130, J140, J150",6,Bus_M.2_Socket_M,PCIe_M.2_Connectors_P=0.5mm_H=4.2mm_KeyM,,,,tht,,1-2199230-5,
J2,1,USB_A_Stacked,USB_A_CUI_UJ2-ADH-TH_Horizontal_Stacked,,,,tht,,UJ2-ADH-W1-TH,
"J200, J300",2,Bus_PCI_Express_x4,PCIe_x4_Gen3Slot_Connectors,,,,tht,,AAA-PCI-161-K03,
J3,1,USB3_A,USB3_A_Receptacle_Wuerth_692122030100,,,,smt,USB 3.0 A connector,692122030100,
J4,1,HDMI_A,HDMI_A_Molex_208658-1001_Horizontal,,,,smt,,2086581001,
"J481, J79, J80, J81",4,Conn_01x02_Pin,PinHeader_1x02_P2.54mm_Vertical,,,,tht,"Generic connector, single row, 01x02, script generated",2.54-1*2,
J5,1,Barrel_Jack_Switch,DC_Jack_DC007B_30V_10A,,,,tht,,DC007B-2.5-J,
J78,1,USB_A,USB_A_Molex_105057_Vertical,,,,tht,USB Type A connector,1050570001,
J82,1,Conn_01x04,TE_MATE-N-LOK_350211-1_1x04_P5.08mm_Vertical,,,,tht,"Generic connector, single row, 01x04, script generated (kicad-library-utils/schlib/autogen/connector/)",770997-1,
JP1,1,Jumper_3_Bridged12,PinHeader_1x03_P2.54mm_Vertical,,,,tht,,2.54-1*3,
"L1, L2, L401, L411, L421, L431, L441, L451, L461, L481",10,2.2uH/4.3A,L_Sunlord_SWPA4020S,,,,smt,,WPN4020H2R2MT,
M1,1,Fan_4pin,JST_PH_B4B-PH-K_1x04_P2.00mm_Vertical,,,,tht,,B4B-PH-K-S-GW,
M2,1,Fan_4pin,FanPinHeader_1x04_P2.54mm_Vertical,,,,tht,,470531000,
"Q1, Q5, Q6, Q8",4,2N7002,SOT-23,,,,smt,,NDS7002A,
"Q2, Q3, Q4",3,2SK3018,SOT-23,,,,smt,,2SK3018,
Q7,1,NCE30P28Q,MOSFET_PDFN8_3.3x3.3,,,,smt,,NCE30P28Q,
"R1, R11, R47",3,1K/1%,R_0402_1005Metric,,,,smt,,RC0402FR-071KL,
"R10, R13, R14, R16, R17, R7, R8, R9",8,470R/1%,R_0402_1005Metric,,,,smt,,RC0402FR-07470RL,
"R102, R112, R122, R132, R142, R15, R152, R18, R19, R3, R39, R5, R52, R53",14,2.2K/1%,R_0402_1005Metric,,,,smt,,RC0402FR-072K2L,
"R103, R113, R123, R133, R143, R153",6,0R/1%,R_0402_1005Metric,,,,smt,,RMC 0402 0R N,
R134,1,0R/1%,R_0402_1005Metric,,,Yes,smt,,,
"R2, R38, R40, R482, R49, R58",6,10K/1%,R_0402_1005Metric,,,,smt,,RC0402FR-0710KL,
R4,1,1M/1%,R_0402_1005Metric,,,,smt,,RC0402FR-071ML,
"R401, R411, R421, R431, R44, R441, R45, R451, R461, R51, R59, R76, R77",13,100K/1%,R_0402_1005Metric,,,,smt,,RC0402FR-07100KL,
"R402, R412, R422, R432, R442, R452, R462, R60",8,22K/1%,R_0402_1005Metric,,,,smt,,RC0402FR-0722KL,
"R41, R42, R54, R6, R67, R68, R70",7,21.5K/1%,R_0402_1005Metric,,,,smt,,RC0402FR-0721K5L,
"R46, R48, R55, R69, R71",5,100R/1%,R_0402_1005Metric,,,,smt,,RC0402FR-07100RL,
"R481, R57",2,75K/1%,R_0402_1005Metric,,,,smt,,RC0402FR-0775KL,
R50,1,10K/1%,R_0402_1005Metric,,,Yes,smt,,,
R56,1,10K/1%,R_0402_1005Metric,,,Yes,smt,,,
R66,1,21.5K/1%,R_0402_1005Metric,,,Yes,smt,,,
"R72, R74",2,4.7K/1%,R_0402_1005Metric,,,,smt,,RC0402FR-074K7L,
R78,1,10K/1%,R_0402_1005Metric,,,Yes,smt,Resistor,,
R79,1,10K/1%,R_0402_1005Metric,,,Yes,smt,Resistor,,
R80,1,0R,R_0402_1005Metric,,,,smt,Resistor, RMC 0402 0R N,
"R81, R82, R83, R84, R85",5,15R/1%,R_0402_1005Metric,,,,smt,Resistor,RC0402FR-0715RL,
R86,1,120K/1%,R_0402_1005Metric,,,,smt,Resistor,RC0402FR-07120KL,
"SW1, SW2",2,SW_Push,SW_Push_6x6x6,,,,smt,,K2-1102SP-E3SC-04,
"TP4, TP5, TP6, TP8, TP9",5,TestPoint,TestPoint_Pad_D1.5mm,,,,tht,test point,,
"U1, U2",2,TPAZ1023-04F,Diodes_UDFN-10_1.0x2.5mm_P0.5mm,,,,smt,,TPAZ1023-04F,
U13,1,TL431DBZ,SOT-23,,,,smt,,TL431DBZ,
"U15, U16, U400, U410, U420, U430, U440, U450, U460, U480",10,SY8253ADC,TSOT-23-6,,,,smt,,SY8253ADC,
"U3, U4",2,ULC0524P,Diodes_UDFN-10_1.0x2.5mm_P0.5mm,,,,smt,,ULC0524P,
U80,1,W25Q128JVSIQ,SOIC-8_5.23x5.23mm_P1.27mm,,,,smt,"128Mb Serial Flash Memory, Standard/Dual/Quad SPI, SOIC-8",W25Q128JVSIQ,
