﻿Designator,Quantity,Value,Footprint,Package,MPN,DNP,Mount_Type,Description,SCH_Show_Footprint,DF_Comment,MPN_alt
A1,1,LattePanda_Mu,LattePanda_Module_H8.0mm_Horizontal,,ADDR0069-P009A,,smt,"A micro computing module with x86 processer, RAM and eMMC.",,,
BT1,1,Battery_Cell,Battery_Holder_CR1220_S8411-45R,,S8411-45R,,tht,,,,
"C100, C87, C89, C90, C94, C95, C96, C97, C98, C99",10,0.1uF/16V,C_0402_1005Metric,,0402B104K160CT,,smt,Unpolarized capacitor,,,
"C101, C103, C111, C113, C121, C123, C131, C133, C141, C143, C151, C153, C208, C308",14,10uF/10V,C_0402_1005Metric,,CL05A106MP5NUNC,,smt,,C0402,,
"C102, C104, C112, C114, C122, C124, C132, C134, C142, C144, C152, C154, C17, C18, C19, C20, C203, C204, C207, C209, C21, C22, C23, C24, C25, C28, C29, C303, C304, C307, C309, C403, C407, C413, C417, C423, C427, C433, C437, C443, C447, C453, C457, C463, C467, C483, C487, C70, C71, C78, C79, C84, C85",53,100nF/50V,C_0402_1005Metric,,GRM155R71H104KE14D,,smt,,C0402,,
"C105, C106, C115, C116, C125, C126, C135, C136, C145, C146, C155, C156, C201, C202, C301, C302",16,220nF/50V,C_0402_1005Metric,,GRM155R61H224KE01D,,smt,,C0402,,
"C205, C206, C305, C306",4,100uF/25V,CP_Elec_6.3x7.7,,PM101M025E077PTR,,smt,,C5x5.8,,
"C210, C310",2,470uF/10V,CP_Elec_6.3x7.7,,VZT471M1ATR-0607,,smt,,C5x5.8,,
"C30, C32, C401, C402, C405, C406, C408, C409, C411, C412, C415, C416, C418, C419, C421, C422, C425, C426, C428, C429, C431, C432, C435, C436, C438, C439, C441, C442, C445, C446, C448, C449, C451, C452, C455, C456, C458, C459, C461, C462, C465, C466, C468, C469, C481, C482, C485, C486, C488, C489, C64, C65, C67, C68, C74, C75, C76, C77, C80, C81, C82, C83, C88, C91, C92",65,22uF/10V,C_0603_1608Metric,,CL10A226MP8NUNE,,smt,,C603,,
C404,1,12pF/50V,C_0402_1005Metric,,,Yes,smt,,C0402,贴片电容0402-10UF-10V-X5R_GRM155R61A106ME44D,
C414,1,12pF/50V,C_0402_1005Metric,,,Yes,smt,,C0402,贴片电容0402-10UF-10V-X5R_GRM155R61A106ME44D,
C424,1,12pF/50V,C_0402_1005Metric,,,Yes,smt,,C0402,贴片电容0402-10UF-10V-X5R_GRM155R61A106ME44D,
C434,1,12pF/50V,C_0402_1005Metric,,,Yes,smt,,C0402,贴片电容0402-10UF-10V-X5R_GRM155R61A106ME44D,
C444,1,12pF/50V,C_0402_1005Metric,,,Yes,smt,,C0402,贴片电容0402-10UF-10V-X5R_GRM155R61A106ME44D,
C454,1,12pF/50V,C_0402_1005Metric,,,Yes,smt,,C0402,贴片电容0402-10UF-10V-X5R_GRM155R61A106ME44D,
C464,1,12pF/50V,C_0402_1005Metric,,,Yes,smt,,C0402,贴片电容0402-10UF-10V-X5R_GRM155R61A106ME44D,
C484,1,12pF/50V,C_0402_1005Metric,,,Yes,smt,,C0402,贴片电容0402-10UF-10V-X5R_GRM155R61A106ME44D,
"C66, C69",2,1uF/16V,C_0402_1005Metric,,CL05A105KO5NNNC,,smt,,C0402,,
C72,1,12pF/50V,C_0402_1005Metric,,,Yes,smt,,C0402,贴片电容0402-10UF-10V-X5R_GRM155R61A106ME44D,
C73,1,12pF/50V,C_0402_1005Metric,,,Yes,smt,,C0402,贴片电容0402-10UF-10V-X5R_GRM155R61A106ME44D,
"C86, C93",2,22uF/6.3V,C_0402_1005Metric,,CL05A226MQ5QUNC,,smt,Unpolarized capacitor,,,
"D1, D2, D21, D25, D3, D5, D6, D79, D80",9,ESD5V0B03,D_0402_1005Metric,,ESD5V0B03-1006,,smt,,D0402,,
"D101, D111, D121, D131, D141, D151, D22, D23",8,LED_G,LED_0603_1608Metric,,SZYY0603YG,,smt,,LED0603,,
D24,1,3V3 Izt=5mA,D_SOD-323,,MMS3Z3B3GW,,smt,Schottky diode,,,
"D26, D27, D4",3,1N5819WS,D_SOD-323,,1N5819WS,,smt,,SOD-323,,
D78,1,D_Schottky,D_SOD-923,,RB521C30-2/TR,,smt,Schottky diode,,,
D81,1,PTVS12VP1UP,D_SOD-128,,"PTVS12VP1UP,115",,smt,"SOD-128 Unidirectional TVS diode, 12V, 600W, Alternate KiCAD Library",,,
F1,1,6V/50mA,R_0603_1608Metric,,0603L050/6AR,,smt,,R0805,,
"F2, F3, F78",3,6V/1A,Fuse_0805_2012Metric,,BSMD0805-100-6V,,smt,,R0603,,
F5,1,6V/2A,Fuse_0805_2012Metric,,BSMD0805L-200,,smt,,R0805,,
"H1, H2, H3, H4",4,MountingHole_Pad,MountingHole_3.2mm_M3_Pad_Via,,,,tht,,,,
"H1032, H1042, H1060, H1080, H1130, H1142, H1160, H1180, H1230, H1242, H1260, H1280, H1330, H1342, H1360, H1380, H1430, H1442, H1460, H1480, H1530, H1542, H1560, H1580",24,MountingHole_M2.5,MountingHole_2.7mm_M2.5_DIN965_Pad_TopBottom,,,,tht,,,,
"H5, H6",2,MountingHole_Pad,MountingHole_3mm_M2_Pad_TopOnly,,,,smt,,,,
"H71, H72, H73, H74",4,MountingHole_Pad,MountingHole_4mm_Pad_Via,,,,tht,,,,
J1,1,Conn_01x03_Pin,PinHeader_1x03_P2.54mm_Vertical,,PZ2.54-1*3,Yes,tht,"Generic connector, single row, 01x03, script generated",,,
"J100, J110, J120, J130, J140, J150",6,Bus_M.2_Socket_M,PCIe_M.2_Connectors_P=0.5mm_H=4.2mm_KeyM,,1-2199230-5,,tht,,,,
J11,1,Conn_01x03_Pin,PinHeader_1x03_P2.54mm_Vertical,,PZ2.54-1*3,Yes,tht,"Generic connector, single row, 01x03, script generated",,,
J2,1,USB_A_Stacked,USB_A_CUI_UJ2-ADH-TH_Horizontal_Stacked,,UJ2-ADH-W1-TH,,tht,,,,
"J200, J300",2,Bus_PCI_Express_x4,PCIe_x4_Gen3Slot_Connectors,,AAA-PCI-161-K03,,tht,,,,2EG03227-D2D-DF
J3,1,USB3_A,USB3_A_Receptacle_Wuerth_692122030100,,692122030100,,smt,USB 3.0 A connector,,,
J4,1,HDMI_A,HDMI_A_Molex_208658-1001_Horizontal,,2086581001,,smt,,,,
J5,1,Barrel_Jack_Switch,DC_Jack_DC007B_30V_10A,,DC007B-2.5-J,,tht,,,,
J78,1,USB_A,USB_A_Molex_105057_Vertical,,1050570001,,tht,USB Type A connector,,,
J79,1,Conn_01x02_Pin,PinHeader_1x02_P2.54mm_Vertical,,PZ2.54-1*2,Yes,tht,"Generic connector, single row, 01x02, script generated",,,
J80,1,Conn_01x02_Pin,PinHeader_1x02_P2.54mm_Vertical,,PZ2.54-1*2,Yes,tht,"Generic connector, single row, 01x02, script generated",,,
J82,1,Conn_01x04,TE_MATE-N-LOK_350211-1_1x04_P5.08mm_Vertical,,770997-1,Yes,tht,"Generic connector, single row, 01x04, script generated (kicad-library-utils/schlib/autogen/connector/)",,,
JP2,1,NTC_Test,SolderJumper-2_P1.3mm_Open_RoundedPad1.0x1.5mm,,,,tht,,,,
JP78,1,SolderJumper_2_Open,SolderJumper-2_P1.3mm_Open_RoundedPad1.0x1.5mm,,,,tht,"Solder Jumper, 2-pole, open",,,
"L1, L2, L401, L411, L421, L431, L441, L451, L461, L481",10,2.2uH/4.3A,L_Sunlord_SWPA4020S,,WPN4020H2R2MT,,smt,,,,
M1,1,Fan_4pin,JST_PH_B4B-PH-K_1x04_P2.00mm_Vertical,,B4B-PH-K-S-GW,,tht,,,,
M2,1,Fan_4pin,FanPinHeader_1x04_P2.54mm_Vertical,,470531000,,tht,,,,
"Q1, Q8",2,2N7002,SOT-23,,NDS7002A,,smt,,,,
"Q2, Q3, Q4",3,2SK3018,SOT-23,,2SK3018,,smt,,,,
Q78,1,9DBL411BGLFT,TSSOP-20_4.4x6.5mm_P0.65mm,,9DBL411BGLFT,,smt,,,,
"R1, R11, R47",3,1K/1%,R_0402_1005Metric,,RC0402FR-071KL,,smt,,,,
"R10, R13, R14, R16, R17, R7, R8, R9",8,470R/1%,R_0402_1005Metric,,RC0402FR-07470RL,,smt,,,,
"R102, R112, R122, R132, R142, R15, R152, R18, R19, R3, R5, R52, R53",13,2.2K/1%,R_0402_1005Metric,,RC0402FR-072K2L,,smt,,,,
"R2, R482, R49, R58, R63, R95",6,10K/1%,R_0402_1005Metric,,RC0402FR-0710KL,,smt,,,,
R4,1,1M/1%,R_0402_1005Metric,,RC0402FR-071ML,,smt,,,,
"R401, R411, R421, R431, R441, R451, R461, R51, R59, R76, R77, R78, R79, R96, R97, R98, R99",17,100K/1%,R_0402_1005Metric,,RC0402FR-07100KL,,smt,Resistor,,,
"R402, R412, R422, R432, R442, R452, R462, R60",8,22K/1%,R_0402_1005Metric,,RC0402FR-0722KL,,smt,,,,
"R46, R48, R55, R69, R71",5,100R/1%,R_0402_1005Metric,,RC0402FR-07100RL,,smt,,,贴片电阻0402-10K-1%,
"R481, R57",2,75K/1%,R_0402_1005Metric,,RC0402FR-0775KL,,smt,,,,
R50,1,10K/1%,R_0402_1005Metric,,RC0402FR-0710KL,Yes,smt,,,,
"R54, R6, R67, R68, R70",5,21.5K/1%,R_0402_1005Metric,,RC0402FR-0721K5L,,smt,,,贴片电阻0402-10K-1%,
R56,1,10K/1%,R_0402_1005Metric,,RC0402FR-0710KL,Yes,smt,,,,
R66,1,21.5K/1%,R_0402_1005Metric,,RC0402FR-0721K5L,Yes,smt,,,,
"R72, R74",2,4.7K/1%,R_0402_1005Metric,,RC0402FR-074K7L,,smt,,,贴片电阻0402-10K-1%,
R80,1,120K/1%,R_0402_1005Metric,,RC0402FR-07120KL,,smt,Resistor,,,
R81,1,0R,R_0402_1005Metric,, RMC 0402 0R N,,smt,Resistor,,,
"R82, R83, R84, R85, R86",5,15R/1%,R_0402_1005Metric,,RC0402FR-0715RL,,smt,Resistor,,,
"R87, R88, R89, R90, R91, R92, R93, R94",8,33R/5%,R_0402_1005Metric,,RC0402FR-071KL,,smt,,,,
"SW1, SW2",2,SW_Push,SW_Push_6x6x6,,K2-1102SP-E3SC-04,,smt,,,,
TH1,1,NTC-10K,R_0603_1608Metric,, NCU18XH103F60RB ,,smt,,,,
"TP4, TP5, TP6",3,TestPoint,TestPoint_Pad_D1.5mm,,,,tht,test point,,,
"U1, U2",2,TPAZ1023-04F,Diodes_UDFN-10_1.0x2.5mm_P0.5mm,,TPAZ1023-04F,,smt,,,,
"U15, U16, U400, U410, U420, U430, U440, U450, U460, U480",10,SY8253ADC,TSOT-23-6,,SY8253ADC,,smt,,,,
"U3, U4",2,ULC0524P,Diodes_UDFN-10_1.0x2.5mm_P0.5mm,,ULC0524P,,smt,,,,
U78,1,AMS1117-3.3,SOT-223-3_TabPin2,,AMS1117-3.3,,smt,"1A Low Dropout regulator, positive, 3.3V fixed output, SOT-223",,,
U79,1,W25Q128JVSIQ,SOIC-8_5.23x5.23mm_P1.27mm,,W25Q128JVSIQ,,smt,"128Mb Serial Flash Memory, Standard/Dual/Quad SPI, SOIC-8",,,
