﻿pos_x,pos_y,rotation,side,designator,mpn,pack,footprint,value,mount_type,place
39.1,-55.875,90.0,top,A1,ADDR0069-P009A,,LattePanda_Module_H8.0mm_Horizontal,LattePanda_Mu,smt,True
5.25,-119.25,180.0,top,BT1,S8411-45R,,Battery_Holder_CR1220_S8411-45R,Battery_Cell,tht,True
86.7725,-55.625,0.0,top,C100,0402B104K160CT,,C_0402_1005Metric,0.1uF/16V,smt,True
139.999,-3.75,0.0,bottom,C101,CL05A106MP5NUNC,,C_0402_1005Metric,10uF/10V,smt,True
139.999,-4.75,0.0,bottom,C102,GRM155R71H104KE14D,,C_0402_1005Metric,100nF/50V,smt,True
139.999,-20.0,0.0,bottom,C103,CL05A106MP5NUNC,,C_0402_1005Metric,10uF/10V,smt,True
139.999,-21.0,0.0,bottom,C104,GRM155R71H104KE14D,,C_0402_1005Metric,100nF/50V,smt,True
139.499,-5.75,0.0,bottom,C105,GRM155R61H224KE01D,,C_0402_1005Metric,220nF/50V,smt,True
139.499,-6.75,0.0,bottom,C106,GRM155R61H224KE01D,,C_0402_1005Metric,220nF/50V,smt,True
140.0,-30.75,0.0,bottom,C111,CL05A106MP5NUNC,,C_0402_1005Metric,10uF/10V,smt,True
140.0,-31.75,0.0,bottom,C112,GRM155R71H104KE14D,,C_0402_1005Metric,100nF/50V,smt,True
140.0,-47.0,0.0,bottom,C113,CL05A106MP5NUNC,,C_0402_1005Metric,10uF/10V,smt,True
140.0,-48.0,0.0,bottom,C114,GRM155R71H104KE14D,,C_0402_1005Metric,100nF/50V,smt,True
139.52,-32.75,0.0,bottom,C115,GRM155R61H224KE01D,,C_0402_1005Metric,220nF/50V,smt,True
139.52,-33.75,0.0,bottom,C116,GRM155R61H224KE01D,,C_0402_1005Metric,220nF/50V,smt,True
140.0,-57.75,0.0,bottom,C121,CL05A106MP5NUNC,,C_0402_1005Metric,10uF/10V,smt,True
140.0,-58.75,0.0,bottom,C122,GRM155R71H104KE14D,,C_0402_1005Metric,100nF/50V,smt,True
140.0,-74.0,0.0,bottom,C123,CL05A106MP5NUNC,,C_0402_1005Metric,10uF/10V,smt,True
140.0,-75.0,0.0,bottom,C124,GRM155R71H104KE14D,,C_0402_1005Metric,100nF/50V,smt,True
139.5,-59.75,0.0,bottom,C125,GRM155R61H224KE01D,,C_0402_1005Metric,220nF/50V,smt,True
139.5,-60.75,0.0,bottom,C126,GRM155R61H224KE01D,,C_0402_1005Metric,220nF/50V,smt,True
140.0,-84.75,0.0,bottom,C131,CL05A106MP5NUNC,,C_0402_1005Metric,10uF/10V,smt,True
140.0,-85.75,0.0,bottom,C132,GRM155R71H104KE14D,,C_0402_1005Metric,100nF/50V,smt,True
140.0,-101.0,0.0,bottom,C133,CL05A106MP5NUNC,,C_0402_1005Metric,10uF/10V,smt,True
140.0,-102.0,0.0,bottom,C134,GRM155R71H104KE14D,,C_0402_1005Metric,100nF/50V,smt,True
139.5,-86.75,0.0,bottom,C135,GRM155R61H224KE01D,,C_0402_1005Metric,220nF/50V,smt,True
139.5,-87.75,0.0,bottom,C136,GRM155R61H224KE01D,,C_0402_1005Metric,220nF/50V,smt,True
140.0,-111.75,0.0,bottom,C141,CL05A106MP5NUNC,,C_0402_1005Metric,10uF/10V,smt,True
140.0,-112.75,0.0,bottom,C142,GRM155R71H104KE14D,,C_0402_1005Metric,100nF/50V,smt,True
140.0,-128.0,0.0,bottom,C143,CL05A106MP5NUNC,,C_0402_1005Metric,10uF/10V,smt,True
140.0,-129.0,0.0,bottom,C144,GRM155R71H104KE14D,,C_0402_1005Metric,100nF/50V,smt,True
139.5,-113.75,0.0,bottom,C145,GRM155R61H224KE01D,,C_0402_1005Metric,220nF/50V,smt,True
139.5,-114.75,0.0,bottom,C146,GRM155R61H224KE01D,,C_0402_1005Metric,220nF/50V,smt,True
140.0,-138.75,0.0,bottom,C151,CL05A106MP5NUNC,,C_0402_1005Metric,10uF/10V,smt,True
140.0,-139.75,0.0,bottom,C152,GRM155R71H104KE14D,,C_0402_1005Metric,100nF/50V,smt,True
140.0,-155.0,0.0,bottom,C153,CL05A106MP5NUNC,,C_0402_1005Metric,10uF/10V,smt,True
140.0,-156.0,0.0,bottom,C154,GRM155R71H104KE14D,,C_0402_1005Metric,100nF/50V,smt,True
139.52,-140.75,0.0,bottom,C155,GRM155R61H224KE01D,,C_0402_1005Metric,220nF/50V,smt,True
139.52,-141.75,0.0,bottom,C156,GRM155R61H224KE01D,,C_0402_1005Metric,220nF/50V,smt,True
19.17,-85.954999,180.0,top,C17,GRM155R71H104KE14D,,C_0402_1005Metric,100nF/50V,smt,True
19.17,-85.034999,180.0,top,C18,GRM155R71H104KE14D,,C_0402_1005Metric,100nF/50V,smt,True
19.17,-83.454999,180.0,top,C19,GRM155R71H104KE14D,,C_0402_1005Metric,100nF/50V,smt,True
19.17,-82.534999,180.0,top,C20,GRM155R71H104KE14D,,C_0402_1005Metric,100nF/50V,smt,True
61.25,-130.0,-90.0,bottom,C201,GRM155R61H224KE01D,,C_0402_1005Metric,220nF/50V,smt,True
60.25,-130.0,-90.0,bottom,C202,GRM155R61H224KE01D,,C_0402_1005Metric,220nF/50V,smt,True
37.4368,-140.36,-90.0,top,C203,GRM155R71H104KE14D,,C_0402_1005Metric,100nF/50V,smt,True
36.4368,-140.36,-90.0,top,C204,GRM155R71H104KE14D,,C_0402_1005Metric,100nF/50V,smt,True
31.9368,-126.86,90.0,top,C205,PM101M025E077PTR,,CP_Elec_6.3x7.7,100uF/25V,smt,True
39.4368,-126.86,90.0,top,C206,PM101M025E077PTR,,CP_Elec_6.3x7.7,100uF/25V,smt,True
51.9368,-130.86,180.0,top,C207,GRM155R71H104KE14D,,C_0402_1005Metric,100nF/50V,smt,True
51.9368,-129.86,180.0,top,C208,CL05A106MP5NUNC,,C_0402_1005Metric,10uF/10V,smt,True
51.9368,-128.86,0.0,top,C209,GRM155R71H104KE14D,,C_0402_1005Metric,100nF/50V,smt,True
19.17,-80.947999,180.0,top,C21,GRM155R71H104KE14D,,C_0402_1005Metric,100nF/50V,smt,True
46.9368,-126.86,90.0,top,C210,VZT471M1ATR-0607,,CP_Elec_6.3x7.7,470uF/10V,smt,True
19.17,-80.027999,180.0,top,C22,GRM155R71H104KE14D,,C_0402_1005Metric,100nF/50V,smt,True
19.17,-78.455999,180.0,top,C23,GRM155R71H104KE14D,,C_0402_1005Metric,100nF/50V,smt,True
19.17,-77.535999,180.0,top,C24,GRM155R71H104KE14D,,C_0402_1005Metric,100nF/50V,smt,True
9.88,-71.27,90.0,top,C25,GRM155R71H104KE14D,,C_0402_1005Metric,100nF/50V,smt,True
23.52,-34.75,180.0,top,C28,GRM155R71H104KE14D,,C_0402_1005Metric,100nF/50V,smt,True
23.52,-33.75,180.0,top,C29,GRM155R71H104KE14D,,C_0402_1005Metric,100nF/50V,smt,True
17.5,-49.975,-90.0,top,C30,CL10A226MP8NUNE,,C_0603_1608Metric,22uF/10V,smt,True
61.25,-150.73,-90.0,bottom,C301,GRM155R61H224KE01D,,C_0402_1005Metric,220nF/50V,smt,True
60.25,-150.73,-90.0,bottom,C302,GRM155R61H224KE01D,,C_0402_1005Metric,220nF/50V,smt,True
36.4368,-160.93,-90.0,top,C303,GRM155R71H104KE14D,,C_0402_1005Metric,100nF/50V,smt,True
37.4368,-160.93,-90.0,top,C304,GRM155R71H104KE14D,,C_0402_1005Metric,100nF/50V,smt,True
31.9368,-147.43,90.0,top,C305,PM101M025E077PTR,,CP_Elec_6.3x7.7,100uF/25V,smt,True
39.4368,-147.43,90.0,top,C306,PM101M025E077PTR,,CP_Elec_6.3x7.7,100uF/25V,smt,True
51.9368,-151.43,180.0,top,C307,GRM155R71H104KE14D,,C_0402_1005Metric,100nF/50V,smt,True
51.9368,-150.43,180.0,top,C308,CL05A106MP5NUNC,,C_0402_1005Metric,10uF/10V,smt,True
51.9368,-149.43,0.0,top,C309,GRM155R71H104KE14D,,C_0402_1005Metric,100nF/50V,smt,True
46.9368,-147.43,90.0,top,C310,VZT471M1ATR-0607,,CP_Elec_6.3x7.7,470uF/10V,smt,True
15.0,-27.525,90.0,top,C32,CL10A226MP8NUNE,,C_0603_1608Metric,22uF/10V,smt,True
120.5,-0.5,-90.0,top,C401,CL10A226MP8NUNE,,C_0603_1608Metric,22uF/10V,smt,True
122.0,-0.5,-90.0,top,C402,CL10A226MP8NUNE,,C_0603_1608Metric,22uF/10V,smt,True
125.0,-3.0,0.0,top,C403,GRM155R71H104KE14D,,C_0402_1005Metric,100nF/50V,smt,True
128.0,2.25,180.0,top,C404,,,C_0402_1005Metric,12pF/50V,smt,False
128.0,-1.75,-90.0,top,C405,CL10A226MP8NUNE,,C_0603_1608Metric,22uF/10V,smt,True
129.5,-1.75,-90.0,top,C406,CL10A226MP8NUNE,,C_0603_1608Metric,22uF/10V,smt,True
130.75,-1.75,90.0,top,C407,GRM155R71H104KE14D,,C_0402_1005Metric,100nF/50V,smt,True
132.0,-1.75,-90.0,top,C408,CL10A226MP8NUNE,,C_0603_1608Metric,22uF/10V,smt,True
133.5,-1.75,-90.0,top,C409,CL10A226MP8NUNE,,C_0603_1608Metric,22uF/10V,smt,True
120.5,-22.75,-90.0,top,C411,CL10A226MP8NUNE,,C_0603_1608Metric,22uF/10V,smt,True
122.0,-22.75,-90.0,top,C412,CL10A226MP8NUNE,,C_0603_1608Metric,22uF/10V,smt,True
125.0,-25.25,0.0,top,C413,GRM155R71H104KE14D,,C_0402_1005Metric,100nF/50V,smt,True
128.0,-20.0,180.0,top,C414,,,C_0402_1005Metric,12pF/50V,smt,False
128.0,-24.0,-90.0,top,C415,CL10A226MP8NUNE,,C_0603_1608Metric,22uF/10V,smt,True
129.5,-24.0,-90.0,top,C416,CL10A226MP8NUNE,,C_0603_1608Metric,22uF/10V,smt,True
130.75,-24.0,90.0,top,C417,GRM155R71H104KE14D,,C_0402_1005Metric,100nF/50V,smt,True
132.0,-24.0,-90.0,top,C418,CL10A226MP8NUNE,,C_0603_1608Metric,22uF/10V,smt,True
133.5,-24.0,-90.0,top,C419,CL10A226MP8NUNE,,C_0603_1608Metric,22uF/10V,smt,True
120.5,-47.5,-90.0,top,C421,CL10A226MP8NUNE,,C_0603_1608Metric,22uF/10V,smt,True
122.0,-47.5,-90.0,top,C422,CL10A226MP8NUNE,,C_0603_1608Metric,22uF/10V,smt,True
125.0,-50.0,0.0,top,C423,GRM155R71H104KE14D,,C_0402_1005Metric,100nF/50V,smt,True
128.0,-44.75,180.0,top,C424,,,C_0402_1005Metric,12pF/50V,smt,False
128.0,-48.75,-90.0,top,C425,CL10A226MP8NUNE,,C_0603_1608Metric,22uF/10V,smt,True
129.5,-48.75,-90.0,top,C426,CL10A226MP8NUNE,,C_0603_1608Metric,22uF/10V,smt,True
130.75,-48.75,90.0,top,C427,GRM155R71H104KE14D,,C_0402_1005Metric,100nF/50V,smt,True
132.0,-48.75,-90.0,top,C428,CL10A226MP8NUNE,,C_0603_1608Metric,22uF/10V,smt,True
133.5,-48.75,-90.0,top,C429,CL10A226MP8NUNE,,C_0603_1608Metric,22uF/10V,smt,True
17.75,-135.5,180.0,top,C431,CL10A226MP8NUNE,,C_0603_1608Metric,22uF/10V,smt,True
17.75,-137.0,180.0,top,C432,CL10A226MP8NUNE,,C_0603_1608Metric,22uF/10V,smt,True
15.25,-140.0,-90.0,top,C433,GRM155R71H104KE14D,,C_0402_1005Metric,100nF/50V,smt,True
20.5,-143.0,90.0,top,C434,,,C_0402_1005Metric,12pF/50V,smt,False
16.5,-143.0,180.0,top,C435,CL10A226MP8NUNE,,C_0603_1608Metric,22uF/10V,smt,True
16.5,-144.5,180.0,top,C436,CL10A226MP8NUNE,,C_0603_1608Metric,22uF/10V,smt,True
16.5,-145.75,0.0,top,C437,GRM155R71H104KE14D,,C_0402_1005Metric,100nF/50V,smt,True
16.5,-147.0,180.0,top,C438,CL10A226MP8NUNE,,C_0603_1608Metric,22uF/10V,smt,True
16.5,-148.5,180.0,top,C439,CL10A226MP8NUNE,,C_0603_1608Metric,22uF/10V,smt,True
120.5,-74.5,-90.0,top,C441,CL10A226MP8NUNE,,C_0603_1608Metric,22uF/10V,smt,True
122.0,-74.5,-90.0,top,C442,CL10A226MP8NUNE,,C_0603_1608Metric,22uF/10V,smt,True
125.0,-77.0,0.0,top,C443,GRM155R71H104KE14D,,C_0402_1005Metric,100nF/50V,smt,True
128.0,-71.75,180.0,top,C444,,,C_0402_1005Metric,12pF/50V,smt,False
128.0,-75.75,-90.0,top,C445,CL10A226MP8NUNE,,C_0603_1608Metric,22uF/10V,smt,True
129.5,-75.75,-90.0,top,C446,CL10A226MP8NUNE,,C_0603_1608Metric,22uF/10V,smt,True
130.75,-75.75,90.0,top,C447,GRM155R71H104KE14D,,C_0402_1005Metric,100nF/50V,smt,True
132.0,-75.75,-90.0,top,C448,CL10A226MP8NUNE,,C_0603_1608Metric,22uF/10V,smt,True
133.5,-75.75,-90.0,top,C449,CL10A226MP8NUNE,,C_0603_1608Metric,22uF/10V,smt,True
120.5,-101.5,-90.0,top,C451,CL10A226MP8NUNE,,C_0603_1608Metric,22uF/10V,smt,True
122.0,-101.5,-90.0,top,C452,CL10A226MP8NUNE,,C_0603_1608Metric,22uF/10V,smt,True
125.0,-104.0,0.0,top,C453,GRM155R71H104KE14D,,C_0402_1005Metric,100nF/50V,smt,True
128.0,-98.75,180.0,top,C454,,,C_0402_1005Metric,12pF/50V,smt,False
128.0,-102.75,-90.0,top,C455,CL10A226MP8NUNE,,C_0603_1608Metric,22uF/10V,smt,True
129.5,-102.75,-90.0,top,C456,CL10A226MP8NUNE,,C_0603_1608Metric,22uF/10V,smt,True
130.75,-102.75,90.0,top,C457,GRM155R71H104KE14D,,C_0402_1005Metric,100nF/50V,smt,True
132.0,-102.75,-90.0,top,C458,CL10A226MP8NUNE,,C_0603_1608Metric,22uF/10V,smt,True
133.5,-102.75,-90.0,top,C459,CL10A226MP8NUNE,,C_0603_1608Metric,22uF/10V,smt,True
120.5,-128.5,-90.0,top,C461,CL10A226MP8NUNE,,C_0603_1608Metric,22uF/10V,smt,True
122.0,-128.5,-90.0,top,C462,CL10A226MP8NUNE,,C_0603_1608Metric,22uF/10V,smt,True
125.0,-131.0,0.0,top,C463,GRM155R71H104KE14D,,C_0402_1005Metric,100nF/50V,smt,True
128.0,-125.75,180.0,top,C464,,,C_0402_1005Metric,12pF/50V,smt,False
128.0,-129.75,-90.0,top,C465,CL10A226MP8NUNE,,C_0603_1608Metric,22uF/10V,smt,True
129.5,-129.75,-90.0,top,C466,CL10A226MP8NUNE,,C_0603_1608Metric,22uF/10V,smt,True
130.75,-129.75,90.0,top,C467,GRM155R71H104KE14D,,C_0402_1005Metric,100nF/50V,smt,True
132.0,-129.75,-90.0,top,C468,CL10A226MP8NUNE,,C_0603_1608Metric,22uF/10V,smt,True
133.5,-129.75,-90.0,top,C469,CL10A226MP8NUNE,,C_0603_1608Metric,22uF/10V,smt,True
74.5,-110.25,90.0,top,C481,CL10A226MP8NUNE,,C_0603_1608Metric,22uF/10V,smt,True
73.0,-110.25,90.0,top,C482,CL10A226MP8NUNE,,C_0603_1608Metric,22uF/10V,smt,True
70.0,-107.75,180.0,top,C483,GRM155R71H104KE14D,,C_0402_1005Metric,100nF/50V,smt,True
67.0,-113.0,0.0,top,C484,,,C_0402_1005Metric,12pF/50V,smt,False
67.0,-109.0,90.0,top,C485,CL10A226MP8NUNE,,C_0603_1608Metric,22uF/10V,smt,True
65.5,-109.0,90.0,top,C486,CL10A226MP8NUNE,,C_0603_1608Metric,22uF/10V,smt,True
64.25,-109.0,-90.0,top,C487,GRM155R71H104KE14D,,C_0402_1005Metric,100nF/50V,smt,True
63.0,-109.0,90.0,top,C488,CL10A226MP8NUNE,,C_0603_1608Metric,22uF/10V,smt,True
61.5,-109.0,90.0,top,C489,CL10A226MP8NUNE,,C_0603_1608Metric,22uF/10V,smt,True
104.5,-22.75,-90.0,top,C64,CL10A226MP8NUNE,,C_0603_1608Metric,22uF/10V,smt,True
32.0,-114.0,-90.0,top,C65,CL10A226MP8NUNE,,C_0603_1608Metric,22uF/10V,smt,True
41.75,-0.27,90.0,top,C66,CL05A105KO5NNNC,,C_0402_1005Metric,1uF/16V,smt,True
103.0,-22.75,-90.0,top,C67,CL10A226MP8NUNE,,C_0603_1608Metric,22uF/10V,smt,True
30.5,-114.0,-90.0,top,C68,CL10A226MP8NUNE,,C_0603_1608Metric,22uF/10V,smt,True
61.75,-0.02,90.0,top,C69,CL05A105KO5NNNC,,C_0402_1005Metric,1uF/16V,smt,True
107.52,-25.2,0.0,top,C70,GRM155R71H104KE14D,,C_0402_1005Metric,100nF/50V,smt,True
35.0,-116.5,0.0,top,C71,GRM155R71H104KE14D,,C_0402_1005Metric,100nF/50V,smt,True
110.5,-20.0,180.0,top,C72,,,C_0402_1005Metric,12pF/50V,smt,False
38.0,-111.25,180.0,top,C73,,,C_0402_1005Metric,12pF/50V,smt,False
110.35,-24.0,-90.0,top,C74,CL10A226MP8NUNE,,C_0603_1608Metric,22uF/10V,smt,True
37.85,-115.25,-90.0,top,C75,CL10A226MP8NUNE,,C_0603_1608Metric,22uF/10V,smt,True
111.85,-24.0,-90.0,top,C76,CL10A226MP8NUNE,,C_0603_1608Metric,22uF/10V,smt,True
39.35,-115.25,-90.0,top,C77,CL10A226MP8NUNE,,C_0603_1608Metric,22uF/10V,smt,True
113.1,-24.0,90.0,top,C78,GRM155R71H104KE14D,,C_0402_1005Metric,100nF/50V,smt,True
40.6,-115.25,90.0,top,C79,GRM155R71H104KE14D,,C_0402_1005Metric,100nF/50V,smt,True
114.35,-24.0,-90.0,top,C80,CL10A226MP8NUNE,,C_0603_1608Metric,22uF/10V,smt,True
41.85,-115.25,-90.0,top,C81,CL10A226MP8NUNE,,C_0603_1608Metric,22uF/10V,smt,True
115.85,-24.0,-90.0,top,C82,CL10A226MP8NUNE,,C_0603_1608Metric,22uF/10V,smt,True
43.35,-115.25,-90.0,top,C83,CL10A226MP8NUNE,,C_0603_1608Metric,22uF/10V,smt,True
91.77,-3.75,0.0,top,C84,GRM155R71H104KE14D,,C_0402_1005Metric,100nF/50V,smt,True
106.5,-3.75,0.0,top,C85,GRM155R71H104KE14D,,C_0402_1005Metric,100nF/50V,smt,True
10.02,-9.0,180.0,top,C86,CL05A226MQ5QUNC,,C_0402_1005Metric,22uF/6.3V,smt,True
10.02,-10.0,180.0,top,C87,0402B104K160CT,,C_0402_1005Metric,0.1uF/16V,smt,True
108.225,-43.75,0.0,top,C88,CL10A226MP8NUNE,,C_0603_1608Metric,22uF/10V,smt,True
68.2725,-53.275,0.0,top,C89,0402B104K160CT,,C_0402_1005Metric,0.1uF/16V,smt,True
68.2725,-54.325,0.0,top,C90,0402B104K160CT,,C_0402_1005Metric,0.1uF/16V,smt,True
26.725,-90.5,0.0,top,C91,CL10A226MP8NUNE,,C_0603_1608Metric,22uF/10V,smt,True
19.5,-96.5,-90.0,top,C92,CL10A226MP8NUNE,,C_0603_1608Metric,22uF/10V,smt,True
77.0225,-48.0,90.0,top,C93,CL05A226MQ5QUNC,,C_0402_1005Metric,22uF/6.3V,smt,True
78.0225,-48.0,90.0,top,C94,0402B104K160CT,,C_0402_1005Metric,0.1uF/16V,smt,True
86.7725,-49.375,0.0,top,C95,0402B104K160CT,,C_0402_1005Metric,0.1uF/16V,smt,True
86.7725,-51.925,0.0,top,C96,0402B104K160CT,,C_0402_1005Metric,0.1uF/16V,smt,True
86.7725,-54.575,0.0,top,C97,0402B104K160CT,,C_0402_1005Metric,0.1uF/16V,smt,True
86.7725,-50.425,0.0,top,C98,0402B104K160CT,,C_0402_1005Metric,0.1uF/16V,smt,True
86.7725,-52.975,0.0,top,C99,0402B104K160CT,,C_0402_1005Metric,0.1uF/16V,smt,True
17.131,-76.0,0.0,top,D1,ESD5V0B03-1006,,D_0402_1005Metric,ESD5V0B03,smt,True
146.999,-19.2125,90.0,top,D101,SZYY0603YG,,LED_0603_1608Metric,LED_G,smt,True
147.0,-46.2125,90.0,top,D111,SZYY0603YG,,LED_0603_1608Metric,LED_G,smt,True
147.0,-73.2125,90.0,top,D121,SZYY0603YG,,LED_0603_1608Metric,LED_G,smt,True
147.0,-100.2125,90.0,top,D131,SZYY0603YG,,LED_0603_1608Metric,LED_G,smt,True
147.0,-127.2125,90.0,top,D141,SZYY0603YG,,LED_0603_1608Metric,LED_G,smt,True
147.0,-154.2125,90.0,top,D151,SZYY0603YG,,LED_0603_1608Metric,LED_G,smt,True
17.235,-72.75,180.0,top,D2,ESD5V0B03-1006,,D_0402_1005Metric,ESD5V0B03,smt,True
40.75,-0.265,-90.0,top,D21,ESD5V0B03-1006,,D_0402_1005Metric,ESD5V0B03,smt,True
48.0,-7.5,0.0,top,D22,SZYY0603YG,,LED_0603_1608Metric,LED_G,smt,True
7.5,-92.5,0.0,top,D23,SZYY0603YG,,LED_0603_1608Metric,LED_G,smt,True
25.25,-65.0,180.0,top,D24,MMS3Z3B3GW,,D_SOD-323,3V3 Izt=5mA,smt,True
60.75,-0.015,-90.0,top,D25,ESD5V0B03-1006,,D_0402_1005Metric,ESD5V0B03,smt,True
89.2,-5.25,180.0,top,D26,1N5819WS,,D_SOD-323,1N5819WS,smt,True
104.05,-5.25,180.0,top,D27,1N5819WS,,D_SOD-323,1N5819WS,smt,True
10.35,-75.8,0.0,top,D3,ESD5V0B03-1006,,D_0402_1005Metric,ESD5V0B03,smt,True
13.5,-70.7,90.0,top,D4,1N5819WS,,D_SOD-323,1N5819WS,smt,True
16.0,-36.0,90.0,top,D5,ESD5V0B03-1006,,D_0402_1005Metric,ESD5V0B03,smt,True
16.0,-34.0,-90.0,top,D6,ESD5V0B03-1006,,D_0402_1005Metric,ESD5V0B03,smt,True
10.08,-11.75,180.0,top,D78,RB521C30-2/TR,,D_SOD-923,D_Schottky,smt,True
114.5,-46.0,180.0,top,D79,ESD5V0B03-1006,,D_0402_1005Metric,ESD5V0B03,smt,True
112.5,-46.0,0.0,top,D80,ESD5V0B03-1006,,D_0402_1005Metric,ESD5V0B03,smt,True
16.0,-94.0,90.0,top,D81,"PTVS12VP1UP,115",,D_SOD-128,PTVS12VP1UP,smt,True
11.5,-70.925,90.0,top,F1,0603L050/6AR,,R_0603_1608Metric,6V/50mA,smt,True
15.0,-52.75,180.0,top,F2,BSMD0805-100-6V,,Fuse_0805_2012Metric,6V/1A,smt,True
15.0,-50.75,180.0,top,F3,BSMD0805-100-6V,,Fuse_0805_2012Metric,6V/1A,smt,True
12.5,-26.75,180.0,top,F5,BSMD0805L-200,,Fuse_0805_2012Metric,6V/2A,smt,True
108.0625,-45.5,180.0,top,F78,BSMD0805-100-6V,,Fuse_0805_2012Metric,6V/1A,smt,True
0.0,-0.0,90.0,top,H1,,,MountingHole_3.2mm_M3_Pad_Via,MountingHole_Pad,tht,False
116.999,-13.0,180.0,bottom,H1032,,,MountingHole_2.7mm_M2.5_DIN965_Pad_TopBottom,MountingHole_M2.5,tht,False
104.999,-13.0,180.0,bottom,H1042,,,MountingHole_2.7mm_M2.5_DIN965_Pad_TopBottom,MountingHole_M2.5,tht,False
86.999,-13.0,180.0,bottom,H1060,,,MountingHole_2.7mm_M2.5_DIN965_Pad_TopBottom,MountingHole_M2.5,tht,False
66.999,-13.0,180.0,bottom,H1080,,,MountingHole_2.7mm_M2.5_DIN965_Pad_TopBottom,MountingHole_M2.5,tht,False
117.0,-40.0,180.0,bottom,H1130,,,MountingHole_2.7mm_M2.5_DIN965_Pad_TopBottom,MountingHole_M2.5,tht,False
105.0,-40.0,180.0,bottom,H1142,,,MountingHole_2.7mm_M2.5_DIN965_Pad_TopBottom,MountingHole_M2.5,tht,False
87.0,-40.0,180.0,bottom,H1160,,,MountingHole_2.7mm_M2.5_DIN965_Pad_TopBottom,MountingHole_M2.5,tht,False
67.0,-40.0,180.0,bottom,H1180,,,MountingHole_2.7mm_M2.5_DIN965_Pad_TopBottom,MountingHole_M2.5,tht,False
117.0,-67.0,180.0,bottom,H1230,,,MountingHole_2.7mm_M2.5_DIN965_Pad_TopBottom,MountingHole_M2.5,tht,False
105.0,-67.0,180.0,bottom,H1242,,,MountingHole_2.7mm_M2.5_DIN965_Pad_TopBottom,MountingHole_M2.5,tht,False
87.0,-67.0,180.0,bottom,H1260,,,MountingHole_2.7mm_M2.5_DIN965_Pad_TopBottom,MountingHole_M2.5,tht,False
67.0,-67.0,180.0,bottom,H1280,,,MountingHole_2.7mm_M2.5_DIN965_Pad_TopBottom,MountingHole_M2.5,tht,False
117.0,-94.0,180.0,bottom,H1330,,,MountingHole_2.7mm_M2.5_DIN965_Pad_TopBottom,MountingHole_M2.5,tht,False
105.0,-94.0,180.0,bottom,H1342,,,MountingHole_2.7mm_M2.5_DIN965_Pad_TopBottom,MountingHole_M2.5,tht,False
87.0,-94.0,180.0,bottom,H1360,,,MountingHole_2.7mm_M2.5_DIN965_Pad_TopBottom,MountingHole_M2.5,tht,False
67.0,-94.0,180.0,bottom,H1380,,,MountingHole_2.7mm_M2.5_DIN965_Pad_TopBottom,MountingHole_M2.5,tht,False
117.025,-121.0,180.0,bottom,H1430,,,MountingHole_2.7mm_M2.5_DIN965_Pad_TopBottom,MountingHole_M2.5,tht,False
105.025,-121.0,180.0,bottom,H1442,,,MountingHole_2.7mm_M2.5_DIN965_Pad_TopBottom,MountingHole_M2.5,tht,False
87.025,-121.0,180.0,bottom,H1460,,,MountingHole_2.7mm_M2.5_DIN965_Pad_TopBottom,MountingHole_M2.5,tht,False
67.025,-121.0,180.0,bottom,H1480,,,MountingHole_2.7mm_M2.5_DIN965_Pad_TopBottom,MountingHole_M2.5,tht,False
117.025,-148.0,180.0,bottom,H1530,,,MountingHole_2.7mm_M2.5_DIN965_Pad_TopBottom,MountingHole_M2.5,tht,False
105.025,-148.0,180.0,bottom,H1542,,,MountingHole_2.7mm_M2.5_DIN965_Pad_TopBottom,MountingHole_M2.5,tht,False
87.025,-148.0,180.0,bottom,H1560,,,MountingHole_2.7mm_M2.5_DIN965_Pad_TopBottom,MountingHole_M2.5,tht,False
67.025,-148.0,180.0,bottom,H1580,,,MountingHole_2.7mm_M2.5_DIN965_Pad_TopBottom,MountingHole_M2.5,tht,False
0.0,-140.0,90.0,top,H2,,,MountingHole_3.2mm_M3_Pad_Via,MountingHole_Pad,tht,False
160.0,-140.0,90.0,top,H3,,,MountingHole_3.2mm_M3_Pad_Via,MountingHole_Pad,tht,False
160.0,-20.0,90.0,top,H4,,,MountingHole_3.2mm_M3_Pad_Via,MountingHole_Pad,tht,False
96.1,-88.675,90.0,top,H5,,,MountingHole_3mm_M2_Pad_TopOnly,MountingHole_Pad,smt,True
96.1,-25.075,90.0,top,H6,,,MountingHole_3mm_M2_Pad_TopOnly,MountingHole_Pad,smt,True
29.02,-1.2748,0.0,top,H71,,,MountingHole_4mm_Pad_Via,MountingHole_Pad,tht,False
6.16,-158.7548,0.0,top,H72,,,MountingHole_4mm_Pad_Via,MountingHole_Pad,tht,False
161.1,-158.7548,0.0,top,H73,,,MountingHole_4mm_Pad_Via,MountingHole_Pad,tht,False
161.1,-1.2748,0.0,top,H74,,,MountingHole_4mm_Pad_Via,MountingHole_Pad,tht,False
51.21,-12.5,90.0,top,J1,PZ2.54-1*3,,PinHeader_1x03_P2.54mm_Vertical,Conn_01x03_Pin,tht,True
146.999,-13.0,90.0,bottom,J100,1-2199230-5,,PCIe_M.2_Connectors_P=0.5mm_H=4.2mm_KeyM,Bus_M.2_Socket_M,tht,True
25.25,-56.975,0.0,top,J11,PZ2.54-1*3,,PinHeader_1x03_P2.54mm_Vertical,Conn_01x03_Pin,tht,True
147.0,-40.0,90.0,bottom,J110,1-2199230-5,,PCIe_M.2_Connectors_P=0.5mm_H=4.2mm_KeyM,Bus_M.2_Socket_M,tht,True
147.0,-67.0,90.0,bottom,J120,1-2199230-5,,PCIe_M.2_Connectors_P=0.5mm_H=4.2mm_KeyM,Bus_M.2_Socket_M,tht,True
147.0,-94.0,90.0,bottom,J130,1-2199230-5,,PCIe_M.2_Connectors_P=0.5mm_H=4.2mm_KeyM,Bus_M.2_Socket_M,tht,True
147.0,-121.0,90.0,bottom,J140,1-2199230-5,,PCIe_M.2_Connectors_P=0.5mm_H=4.2mm_KeyM,Bus_M.2_Socket_M,tht,True
147.0,-148.0,90.0,bottom,J150,1-2199230-5,,PCIe_M.2_Connectors_P=0.5mm_H=4.2mm_KeyM,Bus_M.2_Socket_M,tht,True
8.0,-51.499998,0.0,top,J2,UJ2-ADH-W1-TH,,USB_A_CUI_UJ2-ADH-TH_Horizontal_Stacked,USB_A_Stacked,tht,True
41.4368,-135.36,0.0,top,J200,AAA-PCI-161-K03,,PCIe_x4_Gen3Slot_Connectors,Bus_PCI_Express_x4,tht,True
3.25,-35.0,-90.0,top,J3,692122030100,,USB3_A_Receptacle_Wuerth_692122030100,USB3_A,smt,True
41.4368,-155.93,0.0,top,J300,AAA-PCI-161-K03,,PCIe_x4_Gen3Slot_Connectors,Bus_PCI_Express_x4,tht,True
4.0,-80.0,180.0,top,J4,2086581001,,HDMI_A_Molex_208658-1001_Horizontal,HDMI_A,smt,True
-4.5,-100.0,90.0,top,J5,DC007B-2.5-J,,DC_Jack_DC007B_30V_10A,Barrel_Jack_Switch,tht,True
107.0,-53.03,0.0,top,J78,1050570001,,USB_A_Molex_105057_Vertical,USB_A,tht,True
55.0,1.275,0.0,top,J79,PZ2.54-1*2,,PinHeader_1x02_P2.54mm_Vertical,Conn_01x02_Pin,tht,True
75.0,1.275,0.0,top,J80,PZ2.54-1*2,,PinHeader_1x02_P2.54mm_Vertical,Conn_01x02_Pin,tht,True
22.38,-106.195,0.0,top,J82,770997-1,,TE_MATE-N-LOK_350211-1_1x04_P5.08mm_Vertical,Conn_01x04,tht,True
74.25,-10.2,90.0,top,JP2,,,SolderJumper-2_P1.3mm_Open_RoundedPad1.0x1.5mm,NTC_Test,tht,False
71.25,-114.5,90.0,top,JP78,,,SolderJumper-2_P1.3mm_Open_RoundedPad1.0x1.5mm,SolderJumper_2_Open,tht,False
108.0,-28.0,0.0,top,L1,WPN4020H2R2MT,,L_Sunlord_SWPA4020S,2.2uH/4.3A,smt,True
35.5,-119.25,0.0,top,L2,WPN4020H2R2MT,,L_Sunlord_SWPA4020S,2.2uH/4.3A,smt,True
125.5,-5.75,0.0,top,L401,WPN4020H2R2MT,,L_Sunlord_SWPA4020S,2.2uH/4.3A,smt,True
125.5,-28.0,0.0,top,L411,WPN4020H2R2MT,,L_Sunlord_SWPA4020S,2.2uH/4.3A,smt,True
125.5,-52.75,0.0,top,L421,WPN4020H2R2MT,,L_Sunlord_SWPA4020S,2.2uH/4.3A,smt,True
12.5,-140.5,-90.0,top,L431,WPN4020H2R2MT,,L_Sunlord_SWPA4020S,2.2uH/4.3A,smt,True
125.5,-79.75,0.0,top,L441,WPN4020H2R2MT,,L_Sunlord_SWPA4020S,2.2uH/4.3A,smt,True
125.5,-106.75,0.0,top,L451,WPN4020H2R2MT,,L_Sunlord_SWPA4020S,2.2uH/4.3A,smt,True
125.5,-133.75,0.0,top,L461,WPN4020H2R2MT,,L_Sunlord_SWPA4020S,2.2uH/4.3A,smt,True
69.5,-105.0,180.0,top,L481,WPN4020H2R2MT,,L_Sunlord_SWPA4020S,2.2uH/4.3A,smt,True
92.25,-0.75,180.0,top,M1,B4B-PH-K-S-GW,,JST_PH_B4B-PH-K_1x04_P2.00mm_Vertical,Fan_4pin,tht,True
107.54,-0.0,180.0,top,M2,470531000,,FanPinHeader_1x04_P2.54mm_Vertical,Fan_4pin,tht,True
20.75,-71.5,180.0,top,Q1,NDS7002A,,SOT-23,2N7002,smt,True
20.75,-75.25,180.0,top,Q2,2SK3018,,SOT-23,2SK3018,smt,True
13.23,-74.594999,180.0,top,Q3,2SK3018,,SOT-23,2SK3018,smt,True
20.75,-67.75,180.0,top,Q4,2SK3018,,SOT-23,2SK3018,smt,True
77.5,-52.5,0.0,top,Q78,9DBL411BGLFT,,TSSOP-20_4.4x6.5mm_P0.65mm,9DBL411BGLFT,smt,True
44.25,-8.5,90.0,top,Q8,NDS7002A,,SOT-23,2N7002,smt,True
3.25,-109.0,-90.0,top,R1,RC0402FR-071KL,,R_0402_1005Metric,1K/1%,smt,True
15.42,-81.244999,0.0,top,R10,RC0402FR-07470RL,,R_0402_1005Metric,470R/1%,smt,True
144.999,-18.0,180.0,top,R102,RC0402FR-072K2L,,R_0402_1005Metric,2.2K/1%,smt,True
17.24,-71.75,180.0,top,R11,RC0402FR-071KL,,R_0402_1005Metric,1K/1%,smt,True
145.0,-45.0,180.0,top,R112,RC0402FR-072K2L,,R_0402_1005Metric,2.2K/1%,smt,True
145.0,-72.0,180.0,top,R122,RC0402FR-072K2L,,R_0402_1005Metric,2.2K/1%,smt,True
15.42,-82.244999,0.0,top,R13,RC0402FR-07470RL,,R_0402_1005Metric,470R/1%,smt,True
145.0,-99.0,180.0,top,R132,RC0402FR-072K2L,,R_0402_1005Metric,2.2K/1%,smt,True
15.42,-83.744999,0.0,top,R14,RC0402FR-07470RL,,R_0402_1005Metric,470R/1%,smt,True
145.0,-126.0,180.0,top,R142,RC0402FR-072K2L,,R_0402_1005Metric,2.2K/1%,smt,True
17.13,-75.0,0.0,top,R15,RC0402FR-072K2L,,R_0402_1005Metric,2.2K/1%,smt,True
145.0,-153.0,180.0,top,R152,RC0402FR-072K2L,,R_0402_1005Metric,2.2K/1%,smt,True
15.42,-84.744999,0.0,top,R16,RC0402FR-07470RL,,R_0402_1005Metric,470R/1%,smt,True
15.42,-86.244999,0.0,top,R17,RC0402FR-07470RL,,R_0402_1005Metric,470R/1%,smt,True
10.35,-74.65,0.0,top,R18,RC0402FR-072K2L,,R_0402_1005Metric,2.2K/1%,smt,True
24.25,-67.75,-90.0,top,R19,RC0402FR-072K2L,,R_0402_1005Metric,2.2K/1%,smt,True
28.24,-62.055,0.0,top,R2,RC0402FR-0710KL,,R_0402_1005Metric,10K/1%,smt,True
10.3525,-73.364999,0.0,top,R3,RC0402FR-072K2L,,R_0402_1005Metric,2.2K/1%,smt,True
17.75,-69.75,0.0,top,R4,RC0402FR-071ML,,R_0402_1005Metric,1M/1%,smt,True
128.0,1.25,0.0,top,R401,RC0402FR-07100KL,,R_0402_1005Metric,100K/1%,smt,True
128.0,0.25,180.0,top,R402,RC0402FR-0722KL,,R_0402_1005Metric,22K/1%,smt,True
128.0,-21.0,0.0,top,R411,RC0402FR-07100KL,,R_0402_1005Metric,100K/1%,smt,True
128.0,-22.0,180.0,top,R412,RC0402FR-0722KL,,R_0402_1005Metric,22K/1%,smt,True
128.0,-45.75,0.0,top,R421,RC0402FR-07100KL,,R_0402_1005Metric,100K/1%,smt,True
128.0,-46.75,180.0,top,R422,RC0402FR-0722KL,,R_0402_1005Metric,22K/1%,smt,True
19.5,-143.0,-90.0,top,R431,RC0402FR-07100KL,,R_0402_1005Metric,100K/1%,smt,True
18.5,-143.0,90.0,top,R432,RC0402FR-0722KL,,R_0402_1005Metric,22K/1%,smt,True
128.0,-72.75,0.0,top,R441,RC0402FR-07100KL,,R_0402_1005Metric,100K/1%,smt,True
128.0,-73.75,180.0,top,R442,RC0402FR-0722KL,,R_0402_1005Metric,22K/1%,smt,True
128.0,-99.75,0.0,top,R451,RC0402FR-07100KL,,R_0402_1005Metric,100K/1%,smt,True
128.0,-100.75,180.0,top,R452,RC0402FR-0722KL,,R_0402_1005Metric,22K/1%,smt,True
42.75,-12.25,90.0,top,R46,RC0402FR-07100RL,,R_0402_1005Metric,100R/1%,smt,True
128.0,-126.75,0.0,top,R461,RC0402FR-07100KL,,R_0402_1005Metric,100K/1%,smt,True
128.0,-127.75,180.0,top,R462,RC0402FR-0722KL,,R_0402_1005Metric,22K/1%,smt,True
41.75,-12.25,90.0,top,R47,RC0402FR-071KL,,R_0402_1005Metric,1K/1%,smt,True
38.75,-0.24,90.0,top,R48,RC0402FR-07100RL,,R_0402_1005Metric,100R/1%,smt,True
67.0,-112.0,180.0,top,R481,RC0402FR-0775KL,,R_0402_1005Metric,75K/1%,smt,True
67.0,-111.0,0.0,top,R482,RC0402FR-0710KL,,R_0402_1005Metric,10K/1%,smt,True
41.75,-10.25,-90.0,top,R49,RC0402FR-0710KL,,R_0402_1005Metric,10K/1%,smt,True
17.75,-74.0,0.0,top,R5,RC0402FR-072K2L,,R_0402_1005Metric,2.2K/1%,smt,True
39.75,-0.24,90.0,top,R50,RC0402FR-0710KL,,R_0402_1005Metric,10K/1%,smt,False
43.75,-12.25,90.0,top,R51,RC0402FR-07100KL,,R_0402_1005Metric,100K/1%,smt,True
50.25,-6.99,90.0,top,R52,RC0402FR-072K2L,,R_0402_1005Metric,2.2K/1%,smt,True
29.26,-65.0,180.0,top,R53,RC0402FR-072K2L,,R_0402_1005Metric,2.2K/1%,smt,True
9.5,-96.0,90.0,top,R54,RC0402FR-0721K5L,,R_0402_1005Metric,21.5K/1%,smt,True
58.75,0.01,90.0,top,R55,RC0402FR-07100RL,,R_0402_1005Metric,100R/1%,smt,True
59.75,-0.0,90.0,top,R56,RC0402FR-0710KL,,R_0402_1005Metric,10K/1%,smt,False
110.5,-21.0,0.0,top,R57,RC0402FR-0775KL,,R_0402_1005Metric,75K/1%,smt,True
110.5,-22.0,180.0,top,R58,RC0402FR-0710KL,,R_0402_1005Metric,10K/1%,smt,True
38.0,-112.25,0.0,top,R59,RC0402FR-07100KL,,R_0402_1005Metric,100K/1%,smt,True
17.24,-70.75,180.0,top,R6,RC0402FR-0721K5L,,R_0402_1005Metric,21.5K/1%,smt,True
38.0,-113.25,180.0,top,R60,RC0402FR-0722KL,,R_0402_1005Metric,22K/1%,smt,True
73.74,-5.0,0.0,top,R63,RC0402FR-0710KL,,R_0402_1005Metric,10K/1%,smt,True
91.74,-6.75,0.0,top,R66,RC0402FR-0721K5L,,R_0402_1005Metric,21.5K/1%,smt,False
105.51,-6.7,0.0,top,R67,RC0402FR-0721K5L,,R_0402_1005Metric,21.5K/1%,smt,True
89.26,-6.75,0.0,top,R68,RC0402FR-0721K5L,,R_0402_1005Metric,21.5K/1%,smt,True
86.25,-4.25,90.0,top,R69,RC0402FR-07100RL,,R_0402_1005Metric,100R/1%,smt,True
15.42,-77.244999,0.0,top,R7,RC0402FR-07470RL,,R_0402_1005Metric,470R/1%,smt,True
103.51,-6.7,180.0,top,R70,RC0402FR-0721K5L,,R_0402_1005Metric,21.5K/1%,smt,True
100.0,-4.25,90.0,top,R71,RC0402FR-07100RL,,R_0402_1005Metric,100R/1%,smt,True
89.74,-3.75,180.0,top,R72,RC0402FR-074K7L,,R_0402_1005Metric,4.7K/1%,smt,True
104.49,-3.75,180.0,top,R74,RC0402FR-074K7L,,R_0402_1005Metric,4.7K/1%,smt,True
31.75,-72.0,180.0,top,R76,RC0402FR-07100KL,,R_0402_1005Metric,100K/1%,smt,True
31.75,-71.0,180.0,top,R77,RC0402FR-07100KL,,R_0402_1005Metric,100K/1%,smt,True
48.0,-49.25,-90.0,top,R78,RC0402FR-07100KL,,R_0402_1005Metric,100K/1%,smt,True
48.0,-47.25,90.0,top,R79,RC0402FR-07100KL,,R_0402_1005Metric,100K/1%,smt,True
15.42,-78.744999,0.0,top,R8,RC0402FR-07470RL,,R_0402_1005Metric,470R/1%,smt,True
10.5,-15.26,-90.0,top,R80,RC0402FR-07120KL,,R_0402_1005Metric,120K/1%,smt,True
13.095,-19.0,90.0,top,R81, RMC 0402 0R N,,R_0402_1005Metric,0R,smt,True
15.635,-6.0,-90.0,top,R82,RC0402FR-0715RL,,R_0402_1005Metric,15R/1%,smt,True
16.905,-6.0,-90.0,top,R83,RC0402FR-0715RL,,R_0402_1005Metric,15R/1%,smt,True
14.365,-19.0,90.0,top,R84,RC0402FR-0715RL,,R_0402_1005Metric,15R/1%,smt,True
15.635,-19.0,90.0,top,R85,RC0402FR-0715RL,,R_0402_1005Metric,15R/1%,smt,True
14.365,-6.0,-90.0,top,R86,RC0402FR-0715RL,,R_0402_1005Metric,15R/1%,smt,True
70.5225,-53.275,0.0,top,R87,RC0402FR-071KL,,R_0402_1005Metric,33R/5%,smt,True
70.5225,-54.325,180.0,top,R88,RC0402FR-071KL,,R_0402_1005Metric,33R/5%,smt,True
84.5225,-49.375,0.0,top,R89,RC0402FR-071KL,,R_0402_1005Metric,33R/5%,smt,True
15.42,-79.744999,0.0,top,R9,RC0402FR-07470RL,,R_0402_1005Metric,470R/1%,smt,True
84.5225,-50.425,180.0,top,R90,RC0402FR-071KL,,R_0402_1005Metric,33R/5%,smt,True
84.5225,-51.925,0.0,top,R91,RC0402FR-071KL,,R_0402_1005Metric,33R/5%,smt,True
84.5225,-52.975,180.0,top,R92,RC0402FR-071KL,,R_0402_1005Metric,33R/5%,smt,True
84.5225,-54.575,0.0,top,R93,RC0402FR-071KL,,R_0402_1005Metric,33R/5%,smt,True
84.5225,-55.625,180.0,top,R94,RC0402FR-071KL,,R_0402_1005Metric,33R/5%,smt,True
28.25,-56.975,180.0,top,R95,RC0402FR-0710KL,,R_0402_1005Metric,10K/1%,smt,True
79.75,-56.75,0.0,top,R96,RC0402FR-07100KL,,R_0402_1005Metric,100K/1%,smt,True
77.5,-56.75,180.0,top,R97,RC0402FR-07100KL,,R_0402_1005Metric,100K/1%,smt,True
72.75,-51.75,90.0,top,R98,RC0402FR-07100KL,,R_0402_1005Metric,100K/1%,smt,True
72.75,-49.06,90.0,top,R99,RC0402FR-07100KL,,R_0402_1005Metric,100K/1%,smt,True
47.5,-0.0,180.0,top,SW1,K2-1102SP-E3SC-04,,SW_Push_6x6x6,SW_Push,smt,True
67.5,-0.0,180.0,top,SW2,K2-1102SP-E3SC-04,,SW_Push_6x6x6,SW_Push,smt,True
75.075,-7.7,0.0,top,TH1, NCU18XH103F60RB ,,R_0603_1608Metric,NTC-10K,smt,True
12.0,-93.75,0.0,top,TP4,,,TestPoint_Pad_D1.5mm,TestPoint,tht,False
111.75,-29.25,90.0,top,TP5,,,TestPoint_Pad_D1.5mm,TestPoint,tht,False
39.25,-120.5,90.0,top,TP6,,,TestPoint_Pad_D1.5mm,TestPoint,tht,False
11.0,-83.25,180.0,top,U1,TPAZ1023-04F,,Diodes_UDFN-10_1.0x2.5mm_P0.5mm,TPAZ1023-04F,smt,True
107.5,-23.0,180.0,top,U15,SY8253ADC,,TSOT-23-6,SY8253ADC,smt,True
35.0,-114.25,180.0,top,U16,SY8253ADC,,TSOT-23-6,SY8253ADC,smt,True
11.0,-80.25,180.0,top,U2,TPAZ1023-04F,,Diodes_UDFN-10_1.0x2.5mm_P0.5mm,TPAZ1023-04F,smt,True
19.5,-35.0,0.0,top,U3,ULC0524P,,Diodes_UDFN-10_1.0x2.5mm_P0.5mm,ULC0524P,smt,True
15.3,-55.75,180.0,top,U4,ULC0524P,,Diodes_UDFN-10_1.0x2.5mm_P0.5mm,ULC0524P,smt,True
125.0,-0.75,180.0,top,U400,SY8253ADC,,TSOT-23-6,SY8253ADC,smt,True
125.0,-23.0,180.0,top,U410,SY8253ADC,,TSOT-23-6,SY8253ADC,smt,True
125.0,-47.75,180.0,top,U420,SY8253ADC,,TSOT-23-6,SY8253ADC,smt,True
17.5,-140.0,90.0,top,U430,SY8253ADC,,TSOT-23-6,SY8253ADC,smt,True
125.0,-74.75,180.0,top,U440,SY8253ADC,,TSOT-23-6,SY8253ADC,smt,True
125.0,-101.75,180.0,top,U450,SY8253ADC,,TSOT-23-6,SY8253ADC,smt,True
125.0,-128.75,180.0,top,U460,SY8253ADC,,TSOT-23-6,SY8253ADC,smt,True
70.0,-110.0,0.0,top,U480,SY8253ADC,,TSOT-23-6,SY8253ADC,smt,True
25.0,-95.0,0.0,top,U78,AMS1117-3.3,,SOT-223-3_TabPin2,AMS1117-3.3,smt,True
15.0,-12.5,90.0,top,U79,W25Q128JVSIQ,,SOIC-8_5.23x5.23mm_P1.27mm,W25Q128JVSIQ,smt,True
