﻿pos_x,pos_y,rotation,side,designator,mpn,pack,footprint,value,mount_type,place
39.0,-57.0,90.0,top,A1,,,LattePanda_Module_H8.0mm_Horizontal,LattePanda_Mu,smt,True
10.0,-12.5,90.0,top,BT1,,,Battery_Holder_CR1220_S8411-45R,Battery_Cell,tht,True
140.0,-4.0,0.0,bottom,C101,,,C_0402_1005Metric,10uF/10V,smt,True
140.0,-5.0,0.0,bottom,C102,,,C_0402_1005Metric,100nF/50V,smt,True
140.0,-20.0,0.0,bottom,C103,,,C_0402_1005Metric,10uF/10V,smt,True
140.0,-21.0,0.0,bottom,C104,,,C_0402_1005Metric,100nF/50V,smt,True
146.5,-10.0,0.0,top,C105,,,C_0402_1005Metric,220nF/50V,smt,True
146.5,-11.0,0.0,top,C106,,,C_0402_1005Metric,220nF/50V,smt,True
140.0,-31.0,0.0,bottom,C111,,,C_0402_1005Metric,10uF/10V,smt,True
140.0,-32.0,0.0,bottom,C112,,,C_0402_1005Metric,100nF/50V,smt,True
140.0,-47.0,0.0,bottom,C113,,,C_0402_1005Metric,10uF/10V,smt,True
140.0,-48.0,0.0,bottom,C114,,,C_0402_1005Metric,100nF/50V,smt,True
146.5,-37.0,0.0,top,C115,,,C_0402_1005Metric,220nF/50V,smt,True
146.5,-38.0,0.0,top,C116,,,C_0402_1005Metric,220nF/50V,smt,True
140.0,-58.0,0.0,bottom,C121,,,C_0402_1005Metric,10uF/10V,smt,True
140.0,-59.0,0.0,bottom,C122,,,C_0402_1005Metric,100nF/50V,smt,True
140.0,-74.0,0.0,bottom,C123,,,C_0402_1005Metric,10uF/10V,smt,True
140.0,-75.0,0.0,bottom,C124,,,C_0402_1005Metric,100nF/50V,smt,True
146.5,-64.0,0.0,top,C125,,,C_0402_1005Metric,220nF/50V,smt,True
146.5,-65.0,0.0,top,C126,,,C_0402_1005Metric,220nF/50V,smt,True
140.01,-85.0,0.0,bottom,C131,,,C_0402_1005Metric,10uF/10V,smt,True
140.01,-86.0,0.0,bottom,C132,,,C_0402_1005Metric,100nF/50V,smt,True
140.0,-101.0,0.0,bottom,C133,,,C_0402_1005Metric,10uF/10V,smt,True
140.0,-102.0,0.0,bottom,C134,,,C_0402_1005Metric,100nF/50V,smt,True
146.5,-91.0,0.0,top,C135,,,C_0402_1005Metric,220nF/50V,smt,True
146.5,-92.0,0.0,top,C136,,,C_0402_1005Metric,220nF/50V,smt,True
140.0,-112.0,0.0,bottom,C141,,,C_0402_1005Metric,10uF/10V,smt,True
140.0,-113.0,0.0,bottom,C142,,,C_0402_1005Metric,100nF/50V,smt,True
140.0,-128.0,0.0,bottom,C143,,,C_0402_1005Metric,10uF/10V,smt,True
140.0,-129.0,0.0,bottom,C144,,,C_0402_1005Metric,100nF/50V,smt,True
146.5,-118.0,0.0,top,C145,,,C_0402_1005Metric,220nF/50V,smt,True
146.5,-119.0,0.0,top,C146,,,C_0402_1005Metric,220nF/50V,smt,True
140.0,-139.0,0.0,bottom,C151,,,C_0402_1005Metric,10uF/10V,smt,True
140.0,-140.0,0.0,bottom,C152,,,C_0402_1005Metric,100nF/50V,smt,True
140.0,-155.0,0.0,bottom,C153,,,C_0402_1005Metric,10uF/10V,smt,True
140.0,-156.0,0.0,bottom,C154,,,C_0402_1005Metric,100nF/50V,smt,True
146.5,-145.0,0.0,top,C155,,,C_0402_1005Metric,220nF/50V,smt,True
146.5,-146.0,0.0,top,C156,,,C_0402_1005Metric,220nF/50V,smt,True
19.17,-85.954999,180.0,top,C17,,,C_0402_1005Metric,100nF/50V,smt,True
19.17,-85.034999,180.0,top,C18,,,C_0402_1005Metric,100nF/50V,smt,True
19.17,-83.454999,180.0,top,C19,,,C_0402_1005Metric,100nF/50V,smt,True
19.17,-82.534999,180.0,top,C20,,,C_0402_1005Metric,100nF/50V,smt,True
56.9368,-128.86,-90.0,top,C201,,,C_0402_1005Metric,220nF/50V,smt,True
57.9368,-128.86,-90.0,top,C202,,,C_0402_1005Metric,220nF/50V,smt,True
37.4368,-140.36,-90.0,top,C203,,,C_0402_1005Metric,100nF/50V,smt,True
36.4368,-140.36,-90.0,top,C204,,,C_0402_1005Metric,100nF/50V,smt,True
31.9368,-126.86,90.0,top,C205,,,CP_Elec_6.3x7.7,100uF/25V,smt,True
39.4368,-126.86,90.0,top,C206,,,CP_Elec_6.3x7.7,100uF/25V,smt,True
51.9368,-130.86,180.0,top,C207,,,C_0402_1005Metric,100nF/50V,smt,True
51.9368,-129.86,180.0,top,C208,,,C_0402_1005Metric,10uF/10V,smt,True
51.9368,-128.86,0.0,top,C209,,,C_0402_1005Metric,100nF/50V,smt,True
19.17,-80.947999,180.0,top,C21,,,C_0402_1005Metric,100nF/50V,smt,True
46.9368,-126.86,90.0,top,C210,,,CP_Elec_6.3x7.7,470uF/10V,smt,True
19.17,-80.027999,180.0,top,C22,,,C_0402_1005Metric,100nF/50V,smt,True
19.17,-78.455999,180.0,top,C23,,,C_0402_1005Metric,100nF/50V,smt,True
19.17,-77.535999,180.0,top,C24,,,C_0402_1005Metric,100nF/50V,smt,True
9.88,-71.444999,90.0,top,C25,,,C_0402_1005Metric,100nF/50V,smt,True
23.75,-34.75,180.0,top,C28,,,C_0402_1005Metric,100nF/50V,smt,True
23.75,-33.75,180.0,top,C29,,,C_0402_1005Metric,100nF/50V,smt,True
17.5,-50.249998,-90.0,top,C30,,,C_0603_1608Metric,22uF/10V,smt,True
56.9368,-149.43,-90.0,top,C301,,,C_0402_1005Metric,220nF/50V,smt,True
57.9368,-149.43,-90.0,top,C302,,,C_0402_1005Metric,220nF/50V,smt,True
36.4368,-160.93,-90.0,top,C303,,,C_0402_1005Metric,100nF/50V,smt,True
37.4368,-160.93,-90.0,top,C304,,,C_0402_1005Metric,100nF/50V,smt,True
31.9368,-147.43,90.0,top,C305,,,CP_Elec_6.3x7.7,100uF/25V,smt,True
39.4368,-147.43,90.0,top,C306,,,CP_Elec_6.3x7.7,100uF/25V,smt,True
51.9368,-151.43,180.0,top,C307,,,C_0402_1005Metric,100nF/50V,smt,True
51.9368,-150.43,180.0,top,C308,,,C_0402_1005Metric,10uF/10V,smt,True
51.9368,-149.43,0.0,top,C309,,,C_0402_1005Metric,100nF/50V,smt,True
46.9368,-147.43,90.0,top,C310,,,CP_Elec_6.3x7.7,470uF/10V,smt,True
17.0,-26.75,180.0,top,C32,,,C_0603_1608Metric,22uF/10V,smt,True
122.5,-4.25,-90.0,top,C401,,,C_0603_1608Metric,22uF/10V,smt,True
124.0,-4.25,-90.0,top,C402,,,C_0603_1608Metric,22uF/10V,smt,True
127.0,-6.75,0.0,top,C403,,,C_0402_1005Metric,100nF/50V,smt,True
130.0,-1.5,180.0,top,C404,,,C_0402_1005Metric,12pF/50V,smt,False
130.0,-5.5,-90.0,top,C405,,,C_0603_1608Metric,22uF/10V,smt,True
131.5,-5.5,-90.0,top,C406,,,C_0603_1608Metric,22uF/10V,smt,True
132.75,-5.5,90.0,top,C407,,,C_0402_1005Metric,100nF/50V,smt,True
134.0,-5.5,-90.0,top,C408,,,C_0603_1608Metric,22uF/10V,smt,True
135.5,-5.5,-90.0,top,C409,,,C_0603_1608Metric,22uF/10V,smt,True
122.5,-31.25,-90.0,top,C411,,,C_0603_1608Metric,22uF/10V,smt,True
124.0,-31.25,-90.0,top,C412,,,C_0603_1608Metric,22uF/10V,smt,True
127.0,-33.75,0.0,top,C413,,,C_0402_1005Metric,100nF/50V,smt,True
130.0,-28.5,180.0,top,C414,,,C_0402_1005Metric,12pF/50V,smt,False
130.0,-32.5,-90.0,top,C415,,,C_0603_1608Metric,22uF/10V,smt,True
131.5,-32.5,-90.0,top,C416,,,C_0603_1608Metric,22uF/10V,smt,True
132.75,-32.5,90.0,top,C417,,,C_0402_1005Metric,100nF/50V,smt,True
134.0,-32.5,-90.0,top,C418,,,C_0603_1608Metric,22uF/10V,smt,True
135.5,-32.5,-90.0,top,C419,,,C_0603_1608Metric,22uF/10V,smt,True
122.5,-58.25,-90.0,top,C421,,,C_0603_1608Metric,22uF/10V,smt,True
124.0,-58.25,-90.0,top,C422,,,C_0603_1608Metric,22uF/10V,smt,True
127.0,-60.75,0.0,top,C423,,,C_0402_1005Metric,100nF/50V,smt,True
130.0,-55.5,180.0,top,C424,,,C_0402_1005Metric,12pF/50V,smt,False
130.0,-59.5,-90.0,top,C425,,,C_0603_1608Metric,22uF/10V,smt,True
131.5,-59.5,-90.0,top,C426,,,C_0603_1608Metric,22uF/10V,smt,True
132.75,-59.5,90.0,top,C427,,,C_0402_1005Metric,100nF/50V,smt,True
134.0,-59.5,-90.0,top,C428,,,C_0603_1608Metric,22uF/10V,smt,True
135.5,-59.5,-90.0,top,C429,,,C_0603_1608Metric,22uF/10V,smt,True
17.25,-127.0,180.0,top,C431,,,C_0603_1608Metric,22uF/10V,smt,True
17.25,-128.5,180.0,top,C432,,,C_0603_1608Metric,22uF/10V,smt,True
14.75,-131.5,-90.0,top,C433,,,C_0402_1005Metric,100nF/50V,smt,True
20.0,-134.5,90.0,top,C434,,,C_0402_1005Metric,12pF/50V,smt,False
16.0,-134.5,180.0,top,C435,,,C_0603_1608Metric,22uF/10V,smt,True
16.0,-136.0,180.0,top,C436,,,C_0603_1608Metric,22uF/10V,smt,True
16.0,-137.25,0.0,top,C437,,,C_0402_1005Metric,100nF/50V,smt,True
16.0,-138.5,180.0,top,C438,,,C_0603_1608Metric,22uF/10V,smt,True
16.0,-140.0,180.0,top,C439,,,C_0603_1608Metric,22uF/10V,smt,True
122.5,-85.25,-90.0,top,C441,,,C_0603_1608Metric,22uF/10V,smt,True
124.0,-85.25,-90.0,top,C442,,,C_0603_1608Metric,22uF/10V,smt,True
127.0,-87.75,0.0,top,C443,,,C_0402_1005Metric,100nF/50V,smt,True
130.0,-82.5,180.0,top,C444,,,C_0402_1005Metric,12pF/50V,smt,False
130.0,-86.5,-90.0,top,C445,,,C_0603_1608Metric,22uF/10V,smt,True
131.5,-86.5,-90.0,top,C446,,,C_0603_1608Metric,22uF/10V,smt,True
132.75,-86.5,90.0,top,C447,,,C_0402_1005Metric,100nF/50V,smt,True
134.0,-86.5,-90.0,top,C448,,,C_0603_1608Metric,22uF/10V,smt,True
135.5,-86.5,-90.0,top,C449,,,C_0603_1608Metric,22uF/10V,smt,True
122.5,-112.25,-90.0,top,C451,,,C_0603_1608Metric,22uF/10V,smt,True
124.0,-112.25,-90.0,top,C452,,,C_0603_1608Metric,22uF/10V,smt,True
127.0,-114.75,0.0,top,C453,,,C_0402_1005Metric,100nF/50V,smt,True
130.0,-109.5,180.0,top,C454,,,C_0402_1005Metric,12pF/50V,smt,False
130.0,-113.5,-90.0,top,C455,,,C_0603_1608Metric,22uF/10V,smt,True
131.5,-113.5,-90.0,top,C456,,,C_0603_1608Metric,22uF/10V,smt,True
132.75,-113.5,90.0,top,C457,,,C_0402_1005Metric,100nF/50V,smt,True
134.0,-113.5,-90.0,top,C458,,,C_0603_1608Metric,22uF/10V,smt,True
135.5,-113.5,-90.0,top,C459,,,C_0603_1608Metric,22uF/10V,smt,True
122.5,-139.25,-90.0,top,C461,,,C_0603_1608Metric,22uF/10V,smt,True
124.0,-139.25,-90.0,top,C462,,,C_0603_1608Metric,22uF/10V,smt,True
127.0,-141.75,0.0,top,C463,,,C_0402_1005Metric,100nF/50V,smt,True
130.0,-136.5,180.0,top,C464,,,C_0402_1005Metric,12pF/50V,smt,False
130.0,-140.5,-90.0,top,C465,,,C_0603_1608Metric,22uF/10V,smt,True
131.5,-140.5,-90.0,top,C466,,,C_0603_1608Metric,22uF/10V,smt,True
132.75,-140.5,90.0,top,C467,,,C_0402_1005Metric,100nF/50V,smt,True
134.0,-140.5,-90.0,top,C468,,,C_0603_1608Metric,22uF/10V,smt,True
135.5,-140.5,-90.0,top,C469,,,C_0603_1608Metric,22uF/10V,smt,True
117.5,-137.75,90.0,top,C481,,,C_0603_1608Metric,22uF/10V,smt,True
116.0,-137.75,90.0,top,C482,,,C_0603_1608Metric,22uF/10V,smt,True
113.0,-135.25,180.0,top,C483,,,C_0402_1005Metric,100nF/50V,smt,True
110.0,-140.5,0.0,top,C484,,,C_0402_1005Metric,12pF/50V,smt,False
110.0,-136.5,90.0,top,C485,,,C_0603_1608Metric,22uF/10V,smt,True
108.5,-136.5,90.0,top,C486,,,C_0603_1608Metric,22uF/10V,smt,True
107.25,-136.5,-90.0,top,C487,,,C_0402_1005Metric,100nF/50V,smt,True
106.0,-136.5,90.0,top,C488,,,C_0603_1608Metric,22uF/10V,smt,True
104.5,-136.5,90.0,top,C489,,,C_0603_1608Metric,22uF/10V,smt,True
5.751,-109.0,90.0,top,C62,,,C_0402_1005Metric,1uF/16V,smt,True
9.751,-111.0,90.0,top,C63,,,C_0402_1005Metric,1uF/16V,smt,True
114.75,-25.25,90.0,top,C64,,,C_0603_1608Metric,22uF/10V,smt,True
35.25,-107.25,-90.0,top,C65,,,C_0603_1608Metric,22uF/10V,smt,True
60.75,-0.02,90.0,top,C66,,,C_0402_1005Metric,1uF/16V,smt,True
116.25,-25.25,90.0,top,C67,,,C_0603_1608Metric,22uF/10V,smt,True
33.75,-107.25,-90.0,top,C68,,,C_0603_1608Metric,22uF/10V,smt,True
80.75,-0.0,90.0,top,C69,,,C_0402_1005Metric,1uF/16V,smt,True
111.73,-22.8,180.0,top,C70,,,C_0402_1005Metric,100nF/50V,smt,True
38.25,-109.75,0.0,top,C71,,,C_0402_1005Metric,100nF/50V,smt,True
108.75,-28.0,0.0,top,C72,,,C_0402_1005Metric,12pF/50V,smt,False
41.25,-104.5,180.0,top,C73,,,C_0402_1005Metric,12pF/50V,smt,False
108.9,-24.0,90.0,top,C74,,,C_0603_1608Metric,22uF/10V,smt,True
41.1,-108.5,-90.0,top,C75,,,C_0603_1608Metric,22uF/10V,smt,True
107.4,-24.0,90.0,top,C76,,,C_0603_1608Metric,22uF/10V,smt,True
42.6,-108.5,-90.0,top,C77,,,C_0603_1608Metric,22uF/10V,smt,True
106.15,-24.0,-90.0,top,C78,,,C_0402_1005Metric,100nF/50V,smt,True
43.85,-108.5,90.0,top,C79,,,C_0402_1005Metric,100nF/50V,smt,True
104.9,-24.0,90.0,top,C80,,,C_0603_1608Metric,22uF/10V,smt,True
45.1,-108.5,-90.0,top,C81,,,C_0603_1608Metric,22uF/10V,smt,True
103.4,-24.0,90.0,top,C82,,,C_0603_1608Metric,22uF/10V,smt,True
46.6,-108.5,-90.0,top,C83,,,C_0603_1608Metric,22uF/10V,smt,True
79.5,-16.5,0.0,top,C84,,,C_0402_1005Metric,100nF/50V,smt,True
98.5,-17.0,0.0,top,C85,,,C_0402_1005Metric,100nF/50V,smt,True
24.25,-55.75,-90.0,top,C86,,,C_0402_1005Metric,22uF/6.3V,smt,True
23.25,-55.75,-90.0,top,C87,,,C_0402_1005Metric,0.1uF/16V,smt,True
61.975,-109.3125,0.0,top,C88,,,C_0603_1608Metric,22uF/10V,smt,True
17.131,-75.891999,0.0,top,D1,,,D_0402_1005Metric,ESD5V0B03,smt,True
147.0,-19.2125,90.0,top,D101,,,LED_0603_1608Metric,LED_G,smt,True
147.0,-46.2125,90.0,top,D111,,,LED_0603_1608Metric,LED_G,smt,True
147.0,-73.2125,90.0,top,D121,,,LED_0603_1608Metric,LED_G,smt,True
147.0,-100.2125,90.0,top,D131,,,LED_0603_1608Metric,LED_G,smt,True
147.0,-127.2125,90.0,top,D141,,,LED_0603_1608Metric,LED_G,smt,True
21.25,-104.0,180.0,top,D15,,,D_SMA,SS54,smt,True
147.0,-154.2125,90.0,top,D151,,,LED_0603_1608Metric,LED_G,smt,True
21.25,-100.0,180.0,top,D16,,,D_SMA,SS54,smt,True
21.25,-96.0,180.0,top,D17,,,D_SMA,SS54,smt,True
17.1175,-72.94,180.0,top,D2,,,D_0402_1005Metric,ESD5V0B03,smt,True
59.75,-0.0,-90.0,top,D21,,,D_0402_1005Metric,ESD5V0B03,smt,True
38.5,-16.0,0.0,top,D22,,,LED_0603_1608Metric,LED_G,smt,True
8.501,-115.75,0.0,top,D23,,,LED_0603_1608Metric,LED_G,smt,True
23.249,-65.55,-90.0,top,D24,,,D_SOD-323,3V3 Izt=5mA,smt,True
79.75,0.005,-90.0,top,D25,,,D_0402_1005Metric,ESD5V0B03,smt,True
76.49,-18.0,180.0,top,D26,,,D_SOD-323,1N5819WS,smt,True
95.5,-18.5,180.0,top,D27,,,D_SOD-323,1N5819WS,smt,True
10.35,-75.8,0.0,top,D3,,,D_0402_1005Metric,ESD5V0B03,smt,True
13.5,-71.0,90.0,top,D4,,,D_SOD-323,1N5819WS,smt,True
16.0,-36.0,90.0,top,D5,,,D_0402_1005Metric,ESD5V0B03,smt,True
16.0,-34.0,-90.0,top,D6,,,D_0402_1005Metric,ESD5V0B03,smt,True
21.75,-58.25,180.0,top,D78,,,D_SOD-923,D_Schottky,smt,True
64.75,-103.015,-90.0,top,D79,,,D_0402_1005Metric,ESD5V0B03,smt,True
64.75,-104.985,90.0,top,D80,,,D_0402_1005Metric,ESD5V0B03,smt,True
11.5,-71.0,90.0,top,F1,,,R_0603_1608Metric,6V/50mA,smt,True
15.0,-53.499998,180.0,top,F2,,,Fuse_0805_2012Metric,6V/1A,smt,True
15.0,-51.499998,180.0,top,F3,,,Fuse_0805_2012Metric,6V/1A,smt,True
13.0,-26.75,180.0,top,F5,,,Fuse_0805_2012Metric,6V/2A,smt,True
62.75,-111.8125,-90.0,top,F78,,,Fuse_0805_2012Metric,6V/1A,smt,True
0.0,-0.0,90.0,top,H1,,,MountingHole_3.2mm_M3_Pad_Via,MountingHole_Pad,tht,False
117.0,-13.0,180.0,bottom,H1032,,,MountingHole_2.7mm_M2.5_DIN965_Pad_TopBottom,MountingHole_M2.5,tht,True
105.0,-13.0,180.0,bottom,H1042,,,MountingHole_2.7mm_M2.5_DIN965_Pad_TopBottom,MountingHole_M2.5,tht,True
87.0,-13.0,180.0,bottom,H1060,,,MountingHole_2.7mm_M2.5_DIN965_Pad_TopBottom,MountingHole_M2.5,tht,True
67.0,-13.0,180.0,bottom,H1080,,,MountingHole_2.7mm_M2.5_DIN965_Pad_TopBottom,MountingHole_M2.5,tht,True
117.0,-40.0,180.0,bottom,H1130,,,MountingHole_2.7mm_M2.5_DIN965_Pad_TopBottom,MountingHole_M2.5,tht,True
105.0,-40.0,180.0,bottom,H1142,,,MountingHole_2.7mm_M2.5_DIN965_Pad_TopBottom,MountingHole_M2.5,tht,True
87.0,-40.0,180.0,bottom,H1160,,,MountingHole_2.7mm_M2.5_DIN965_Pad_TopBottom,MountingHole_M2.5,tht,True
67.0,-40.0,180.0,bottom,H1180,,,MountingHole_2.7mm_M2.5_DIN965_Pad_TopBottom,MountingHole_M2.5,tht,True
117.0,-67.0,180.0,bottom,H1230,,,MountingHole_2.7mm_M2.5_DIN965_Pad_TopBottom,MountingHole_M2.5,tht,True
105.0,-67.0,180.0,bottom,H1242,,,MountingHole_2.7mm_M2.5_DIN965_Pad_TopBottom,MountingHole_M2.5,tht,True
87.0,-67.0,180.0,bottom,H1260,,,MountingHole_2.7mm_M2.5_DIN965_Pad_TopBottom,MountingHole_M2.5,tht,True
67.0,-67.0,180.0,bottom,H1280,,,MountingHole_2.7mm_M2.5_DIN965_Pad_TopBottom,MountingHole_M2.5,tht,True
117.0,-94.0,180.0,bottom,H1330,,,MountingHole_2.7mm_M2.5_DIN965_Pad_TopBottom,MountingHole_M2.5,tht,True
105.0,-94.0,180.0,bottom,H1342,,,MountingHole_2.7mm_M2.5_DIN965_Pad_TopBottom,MountingHole_M2.5,tht,True
87.0,-94.0,180.0,bottom,H1360,,,MountingHole_2.7mm_M2.5_DIN965_Pad_TopBottom,MountingHole_M2.5,tht,True
67.0,-94.0,180.0,bottom,H1380,,,MountingHole_2.7mm_M2.5_DIN965_Pad_TopBottom,MountingHole_M2.5,tht,True
117.025,-121.0,180.0,bottom,H1430,,,MountingHole_2.7mm_M2.5_DIN965_Pad_TopBottom,MountingHole_M2.5,tht,True
105.025,-121.0,180.0,bottom,H1442,,,MountingHole_2.7mm_M2.5_DIN965_Pad_TopBottom,MountingHole_M2.5,tht,True
87.025,-121.0,180.0,bottom,H1460,,,MountingHole_2.7mm_M2.5_DIN965_Pad_TopBottom,MountingHole_M2.5,tht,True
67.025,-121.0,180.0,bottom,H1480,,,MountingHole_2.7mm_M2.5_DIN965_Pad_TopBottom,MountingHole_M2.5,tht,True
117.025,-148.0,180.0,bottom,H1530,,,MountingHole_2.7mm_M2.5_DIN965_Pad_TopBottom,MountingHole_M2.5,tht,True
105.025,-148.0,180.0,bottom,H1542,,,MountingHole_2.7mm_M2.5_DIN965_Pad_TopBottom,MountingHole_M2.5,tht,True
87.025,-148.0,180.0,bottom,H1560,,,MountingHole_2.7mm_M2.5_DIN965_Pad_TopBottom,MountingHole_M2.5,tht,True
67.025,-148.0,180.0,bottom,H1580,,,MountingHole_2.7mm_M2.5_DIN965_Pad_TopBottom,MountingHole_M2.5,tht,True
0.0,-140.0,90.0,top,H2,,,MountingHole_3.2mm_M3_Pad_Via,MountingHole_Pad,tht,False
160.0,-140.0,90.0,top,H3,,,MountingHole_3.2mm_M3_Pad_Via,MountingHole_Pad,tht,False
160.0,-20.0,90.0,top,H4,,,MountingHole_3.2mm_M3_Pad_Via,MountingHole_Pad,tht,False
96.0,-88.8,90.0,top,H5,,,MountingHole_3mm_M2_Pad_TopOnly,MountingHole_Pad,smt,True
96.0,-25.2,90.0,top,H6,,,MountingHole_3mm_M2_Pad_TopOnly,MountingHole_Pad,smt,True
29.02,-1.2748,0.0,top,H71,,,MountingHole_4mm_Pad_Via,MountingHole_Pad,tht,False
6.16,-158.7548,0.0,top,H72,,,MountingHole_4mm_Pad_Via,MountingHole_Pad,tht,False
161.1,-158.7548,0.0,top,H73,,,MountingHole_4mm_Pad_Via,MountingHole_Pad,tht,False
161.1,-1.2748,0.0,top,H74,,,MountingHole_4mm_Pad_Via,MountingHole_Pad,tht,False
83.96,-8.25,90.0,top,J1,,,PinHeader_1x03_P2.54mm_Vertical,Conn_01x03_Pin,tht,True
147.0,-13.0,90.0,bottom,J100,,,PCIe_M.2_Connectors_P=0.5mm_H=4.2mm_KeyM,Bus_M.2_Socket_M,tht,True
147.0,-40.0,90.0,bottom,J110,,,PCIe_M.2_Connectors_P=0.5mm_H=4.2mm_KeyM,Bus_M.2_Socket_M,tht,True
147.0,-67.0,90.0,bottom,J120,,,PCIe_M.2_Connectors_P=0.5mm_H=4.2mm_KeyM,Bus_M.2_Socket_M,tht,True
147.0,-94.0,90.0,bottom,J130,,,PCIe_M.2_Connectors_P=0.5mm_H=4.2mm_KeyM,Bus_M.2_Socket_M,tht,True
147.0,-121.0,90.0,bottom,J140,,,PCIe_M.2_Connectors_P=0.5mm_H=4.2mm_KeyM,Bus_M.2_Socket_M,tht,True
147.0,-148.0,90.0,bottom,J150,,,PCIe_M.2_Connectors_P=0.5mm_H=4.2mm_KeyM,Bus_M.2_Socket_M,tht,True
8.0,-51.499998,0.0,top,J2,,,USB_A_CUI_UJ2-ADH-TH_Horizontal_Stacked,USB_A_Stacked,tht,True
41.4368,-135.36,0.0,top,J200,,,PCIe_x4_Gen3Slot_Connectors,Bus_PCI_Express_x4,tht,True
3.25,-35.0,-90.0,top,J3,,,USB3_A_Receptacle_Wuerth_692122030100,USB3_A,smt,True
41.4368,-155.93,0.0,top,J300,,,PCIe_x4_Gen3Slot_Connectors,Bus_PCI_Express_x4,tht,True
4.0,-80.0,180.0,top,J4,,,HDMI_A_Molex_208658-1001_Horizontal,HDMI_A,smt,True
116.75,-142.75,-90.0,top,J481,,,PinHeader_1x02_P2.54mm_Vertical,Conn_01x02_Pin,tht,True
-4.5,-100.0,90.0,top,J5,,,DC_Jack_DC007B_30V_10A,Barrel_Jack_Switch,tht,True
71.635,-112.75,90.0,top,J78,,,USB_A_Molex_105057_Vertical,USB_A,tht,True
74.0,1.275,0.0,top,J79,,,PinHeader_1x02_P2.54mm_Vertical,Conn_01x02_Pin,tht,True
94.0,1.275,0.0,top,J80,,,PinHeader_1x02_P2.54mm_Vertical,Conn_01x02_Pin,tht,True
30.5,-44.975,0.0,top,J81,,,PinHeader_1x02_P2.54mm_Vertical,Conn_01x02_Pin,tht,True
91.01,-111.75,0.0,top,J82,,,TE_MATE-N-LOK_350211-1_1x04_P5.08mm_Vertical,Conn_01x04,tht,True
30.0,-23.475,0.0,top,JP1,,,PinHeader_1x03_P2.54mm_Vertical,Jumper_3_Bridged12,tht,True
111.25,-20.0,180.0,top,L1,,,L_Sunlord_SWPA4020S,2.2uH/4.3A,smt,True
38.75,-112.5,0.0,top,L2,,,L_Sunlord_SWPA4020S,2.2uH/4.3A,smt,True
127.5,-9.5,0.0,top,L401,,,L_Sunlord_SWPA4020S,2.2uH/4.3A,smt,True
127.5,-36.5,0.0,top,L411,,,L_Sunlord_SWPA4020S,2.2uH/4.3A,smt,True
127.5,-63.5,0.0,top,L421,,,L_Sunlord_SWPA4020S,2.2uH/4.3A,smt,True
12.0,-132.0,-90.0,top,L431,,,L_Sunlord_SWPA4020S,2.2uH/4.3A,smt,True
127.5,-90.5,0.0,top,L441,,,L_Sunlord_SWPA4020S,2.2uH/4.3A,smt,True
127.5,-117.5,0.0,top,L451,,,L_Sunlord_SWPA4020S,2.2uH/4.3A,smt,True
127.5,-144.5,0.0,top,L461,,,L_Sunlord_SWPA4020S,2.2uH/4.3A,smt,True
112.5,-132.5,180.0,top,L481,,,L_Sunlord_SWPA4020S,2.2uH/4.3A,smt,True
79.99,-13.5,180.0,top,M1,,,JST_PH_B4B-PH-K_1x04_P2.00mm_Vertical,Fan_4pin,tht,True
100.3,-13.3,180.0,top,M2,,,FanPinHeader_1x04_P2.54mm_Vertical,Fan_4pin,tht,True
20.25,-71.5,180.0,top,Q1,,,SOT-23,2N7002,smt,True
20.25,-75.0,180.0,top,Q2,,,SOT-23,2SK3018,smt,True
13.23,-74.594999,180.0,top,Q3,,,SOT-23,2SK3018,smt,True
20.25,-68.0,180.0,top,Q4,,,SOT-23,2SK3018,smt,True
4.751,-112.0,0.0,top,Q5,,,SOT-23,2N7002,smt,True
0.251,-112.0,0.0,top,Q6,,,SOT-23,2N7002,smt,True
13.251,-112.14,180.0,top,Q7,,,MOSFET_PDFN8_3.3x3.3,NCE30P28Q,smt,True
35.0,-15.75,90.0,top,Q8,,,SOT-23,2N7002,smt,True
23.0,-12.5,180.0,top,R1,,,R_0402_1005Metric,1K/1%,smt,True
15.42,-81.244999,0.0,top,R10,,,R_0402_1005Metric,470R/1%,smt,True
145.0,-18.0,180.0,top,R102,,,R_0402_1005Metric,2.2K/1%,smt,True
146.5,-5.5,0.0,top,R103,,,R_0402_1005Metric,0R/1%,smt,True
17.1075,-71.99,180.0,top,R11,,,R_0402_1005Metric,1K/1%,smt,True
145.0,-45.0,180.0,top,R112,,,R_0402_1005Metric,2.2K/1%,smt,True
146.5,-32.5,0.0,top,R113,,,R_0402_1005Metric,0R/1%,smt,True
145.0,-72.0,180.0,top,R122,,,R_0402_1005Metric,2.2K/1%,smt,True
146.5,-59.5,0.0,top,R123,,,R_0402_1005Metric,0R/1%,smt,True
15.42,-82.244999,0.0,top,R13,,,R_0402_1005Metric,470R/1%,smt,True
145.0,-99.0,180.0,top,R132,,,R_0402_1005Metric,2.2K/1%,smt,True
146.5,-86.5,0.0,top,R133,,,R_0402_1005Metric,0R/1%,smt,True
155.0,-85.5,90.0,bottom,R134,,,R_0402_1005Metric,0R/1%,smt,False
15.42,-83.744999,0.0,top,R14,,,R_0402_1005Metric,470R/1%,smt,True
145.0,-126.0,180.0,top,R142,,,R_0402_1005Metric,2.2K/1%,smt,True
146.5,-113.5,0.0,top,R143,,,R_0402_1005Metric,0R/1%,smt,True
17.13,-74.944999,0.0,top,R15,,,R_0402_1005Metric,2.2K/1%,smt,True
145.0,-153.0,180.0,top,R152,,,R_0402_1005Metric,2.2K/1%,smt,True
146.5,-140.5,0.0,top,R153,,,R_0402_1005Metric,0R/1%,smt,True
15.42,-84.744999,0.0,top,R16,,,R_0402_1005Metric,470R/1%,smt,True
15.42,-86.244999,0.0,top,R17,,,R_0402_1005Metric,470R/1%,smt,True
10.35,-74.65,0.0,top,R18,,,R_0402_1005Metric,2.2K/1%,smt,True
19.25,-65.75,180.0,top,R19,,,R_0402_1005Metric,2.2K/1%,smt,True
24.75,-64.99,90.0,top,R2,,,R_0402_1005Metric,10K/1%,smt,True
10.3525,-73.364999,0.0,top,R3,,,R_0402_1005Metric,2.2K/1%,smt,True
6.751,-106.5,0.0,top,R38,,,R_0402_1005Metric,10K/1%,smt,True
3.751,-107.0,-90.0,top,R39,,,R_0402_1005Metric,2.2K/1%,smt,True
17.0975,-70.07,0.0,top,R4,,,R_0402_1005Metric,1M/1%,smt,True
6.751,-107.5,0.0,top,R40,,,R_0402_1005Metric,10K/1%,smt,True
130.0,-2.5,0.0,top,R401,,,R_0402_1005Metric,100K/1%,smt,True
130.0,-3.5,180.0,top,R402,,,R_0402_1005Metric,22K/1%,smt,True
3.751,-109.0,90.0,top,R41,,,R_0402_1005Metric,21.5K/1%,smt,True
130.0,-29.5,0.0,top,R411,,,R_0402_1005Metric,100K/1%,smt,True
130.0,-30.5,180.0,top,R412,,,R_0402_1005Metric,22K/1%,smt,True
6.751,-109.0,-90.0,top,R42,,,R_0402_1005Metric,21.5K/1%,smt,True
130.0,-56.5,0.0,top,R421,,,R_0402_1005Metric,100K/1%,smt,True
130.0,-57.5,180.0,top,R422,,,R_0402_1005Metric,22K/1%,smt,True
19.0,-134.5,-90.0,top,R431,,,R_0402_1005Metric,100K/1%,smt,True
18.0,-134.5,90.0,top,R432,,,R_0402_1005Metric,22K/1%,smt,True
8.751,-111.0,90.0,top,R44,,,R_0402_1005Metric,100K/1%,smt,True
130.0,-83.5,0.0,top,R441,,,R_0402_1005Metric,100K/1%,smt,True
130.0,-84.5,180.0,top,R442,,,R_0402_1005Metric,22K/1%,smt,True
7.751,-112.5,0.0,top,R45,,,R_0402_1005Metric,100K/1%,smt,True
130.0,-110.5,0.0,top,R451,,,R_0402_1005Metric,100K/1%,smt,True
130.0,-111.5,180.0,top,R452,,,R_0402_1005Metric,22K/1%,smt,True
29.5,-19.5,90.0,top,R46,,,R_0402_1005Metric,100R/1%,smt,True
130.0,-137.5,0.0,top,R461,,,R_0402_1005Metric,100K/1%,smt,True
130.0,-138.5,180.0,top,R462,,,R_0402_1005Metric,22K/1%,smt,True
32.5,-19.5,90.0,top,R47,,,R_0402_1005Metric,1K/1%,smt,True
57.749,-1.01,-90.0,top,R48,,,R_0402_1005Metric,100R/1%,smt,True
110.0,-139.5,180.0,top,R481,,,R_0402_1005Metric,75K/1%,smt,True
110.0,-138.5,0.0,top,R482,,,R_0402_1005Metric,10K/1%,smt,True
32.5,-17.5,-90.0,top,R49,,,R_0402_1005Metric,10K/1%,smt,True
17.12,-73.93,0.0,top,R5,,,R_0402_1005Metric,2.2K/1%,smt,True
58.75,-0.0,90.0,top,R50,,,R_0402_1005Metric,10K/1%,smt,False
30.5,-19.5,90.0,top,R51,,,R_0402_1005Metric,100K/1%,smt,True
41.0,-16.0,0.0,top,R52,,,R_0402_1005Metric,2.2K/1%,smt,True
27.75,-64.5,180.0,top,R53,,,R_0402_1005Metric,2.2K/1%,smt,True
9.251,-113.25,-90.0,top,R54,,,R_0402_1005Metric,21.5K/1%,smt,True
78.75,-0.99,-90.0,top,R55,,,R_0402_1005Metric,100R/1%,smt,True
77.75,-0.99,-90.0,top,R56,,,R_0402_1005Metric,10K/1%,smt,False
108.75,-27.0,180.0,top,R57,,,R_0402_1005Metric,75K/1%,smt,True
108.75,-26.0,0.0,top,R58,,,R_0402_1005Metric,10K/1%,smt,True
41.25,-105.5,0.0,top,R59,,,R_0402_1005Metric,100K/1%,smt,True
17.0875,-71.04,180.0,top,R6,,,R_0402_1005Metric,21.5K/1%,smt,True
41.25,-106.5,180.0,top,R60,,,R_0402_1005Metric,22K/1%,smt,True
77.99,-19.5,0.0,top,R66,,,R_0402_1005Metric,21.5K/1%,smt,False
97.0,-20.0,0.0,top,R67,,,R_0402_1005Metric,21.5K/1%,smt,True
75.99,-19.5,0.0,top,R68,,,R_0402_1005Metric,21.5K/1%,smt,True
72.49,-17.0,90.0,top,R69,,,R_0402_1005Metric,100R/1%,smt,True
15.42,-77.244999,0.0,top,R7,,,R_0402_1005Metric,470R/1%,smt,True
95.0,-20.0,180.0,top,R70,,,R_0402_1005Metric,21.5K/1%,smt,True
93.25,-18.5,90.0,top,R71,,,R_0402_1005Metric,100R/1%,smt,True
76.99,-16.5,180.0,top,R72,,,R_0402_1005Metric,4.7K/1%,smt,True
96.0,-17.0,180.0,top,R74,,,R_0402_1005Metric,4.7K/1%,smt,True
32.0,-72.5,180.0,top,R76,,,R_0402_1005Metric,100K/1%,smt,True
32.0,-71.5,180.0,top,R77,,,R_0402_1005Metric,100K/1%,smt,True
47.5,-50.25,0.0,top,R78,,,R_0402_1005Metric,10K/1%,smt,True
47.5,-49.0,0.0,top,R79,,,R_0402_1005Metric,10K/1%,smt,True
15.42,-78.744999,0.0,top,R8,,,R_0402_1005Metric,470R/1%,smt,True
26.0,-63.0,90.0,top,R80,,,R_0402_1005Metric,0R,smt,True
28.5,-50.5,-90.0,top,R81,,,R_0402_1005Metric,15R/1%,smt,True
29.8,-50.5,-90.0,top,R82,,,R_0402_1005Metric,15R/1%,smt,True
27.75,-62.5,180.0,top,R83,,,R_0402_1005Metric,15R/1%,smt,True
30.0,-62.5,180.0,top,R84,,,R_0402_1005Metric,15R/1%,smt,True
27.25,-50.5,-90.0,top,R85,,,R_0402_1005Metric,15R/1%,smt,True
23.74,-59.26,0.0,top,R86,,,R_0402_1005Metric,120K/1%,smt,True
15.42,-79.744999,0.0,top,R9,,,R_0402_1005Metric,470R/1%,smt,True
66.5,-0.0,180.0,top,SW1,,,SW_Push_6x6x6,SW_Push,smt,True
86.5,-0.0,180.0,top,SW2,,,SW_Push_6x6x6,SW_Push,smt,True
12.75,-100.0,0.0,top,TP4,,,TestPoint_Pad_D1.5mm,TestPoint,tht,False
107.5,-18.75,-90.0,top,TP5,,,TestPoint_Pad_D1.5mm,TestPoint,tht,False
42.5,-113.75,90.0,top,TP6,,,TestPoint_Pad_D1.5mm,TestPoint,tht,False
19.75,-112.75,0.0,top,TP8,,,TestPoint_Pad_D1.5mm,TestPoint,tht,False
27.25,-19.0,0.0,top,TP9,,,TestPoint_Pad_D1.5mm,TestPoint,tht,False
11.0,-83.25,180.0,top,U1,,,Diodes_UDFN-10_1.0x2.5mm_P0.5mm,TPAZ1023-04F,smt,True
0.251,-108.5,180.0,top,U13,,,SOT-23,TL431DBZ,smt,True
111.75,-25.0,0.0,top,U15,,,TSOT-23-6,SY8253ADC,smt,True
38.25,-107.5,180.0,top,U16,,,TSOT-23-6,SY8253ADC,smt,True
11.0,-80.25,180.0,top,U2,,,Diodes_UDFN-10_1.0x2.5mm_P0.5mm,TPAZ1023-04F,smt,True
21.0,-35.0,0.0,top,U3,,,Diodes_UDFN-10_1.0x2.5mm_P0.5mm,ULC0524P,smt,True
15.3,-55.999998,180.0,top,U4,,,Diodes_UDFN-10_1.0x2.5mm_P0.5mm,ULC0524P,smt,True
127.0,-4.5,180.0,top,U400,,,TSOT-23-6,SY8253ADC,smt,True
127.0,-31.5,180.0,top,U410,,,TSOT-23-6,SY8253ADC,smt,True
127.0,-58.5,180.0,top,U420,,,TSOT-23-6,SY8253ADC,smt,True
17.0,-131.5,90.0,top,U430,,,TSOT-23-6,SY8253ADC,smt,True
127.0,-85.5,180.0,top,U440,,,TSOT-23-6,SY8253ADC,smt,True
127.0,-112.5,180.0,top,U450,,,TSOT-23-6,SY8253ADC,smt,True
127.0,-139.5,180.0,top,U460,,,TSOT-23-6,SY8253ADC,smt,True
113.0,-137.5,0.0,top,U480,,,TSOT-23-6,SY8253ADC,smt,True
27.905,-56.75,90.0,top,U80,,,SOIC-8_5.23x5.23mm_P1.27mm,W25Q128JVSIQ,smt,True
